simFrame,light,steering
2,0,0.0
3,0,0.0
4,0,6.89e-11
5,0,6.89e-11
6,0,6.89e-11
7,0,6.89e-11
8,0,6.9e-11
9,0,6.9e-11
10,0,6.9e-11
11,0,6.9e-11
12,0,6.9e-11
13,0,6.9e-11
14,0,6.9e-11
15,0,6.9e-11
16,0,6.9e-11
17,0,6.9e-11
18,0,6.9e-11
19,0,6.9e-11
20,0,6.91e-11
21,0,6.91e-11
22,0,6.91e-11
23,0,6.91e-11
24,0,6.91e-11
25,0,6.92e-11
26,0,6.92e-11
27,0,6.92e-11
28,0,6.93e-11
29,0,6.93e-11
30,0,6.93e-11
31,0,6.93e-11
32,0,6.94e-11
33,0,6.94e-11
34,0,6.95e-11
35,0,6.95e-11
36,0,6.95e-11
37,0,6.96e-11
38,0,6.96e-11
39,0,6.97e-11
40,0,6.97e-11
41,0,6.98e-11
42,0,6.98e-11
43,0,6.99e-11
44,0,6.99e-11
45,0,7e-11
46,0,7e-11
47,0,7.01e-11
48,0,7.01e-11
49,0,7.02e-11
50,0,7.03e-11
51,0,7.03e-11
52,0,7.04e-11
53,0,7.05e-11
54,0,7.05e-11
55,0,7.06e-11
56,0,7.07e-11
57,0,7.07e-11
58,0,7.08e-11
59,0,7.09e-11
60,0,7.09e-11
61,0,7.1e-11
62,0,7.11e-11
63,0,7.12e-11
64,0,7.12e-11
65,0,7.13e-11
66,0,7.14e-11
67,0,7.15e-11
68,0,7.16e-11
69,0,7.16e-11
70,0,7.17e-11
71,0,7.18e-11
72,0,7.19e-11
73,0,7.2e-11
74,0,7.21e-11
75,0,7.22e-11
76,0,7.23e-11
77,0,7.23e-11
78,0,7.24e-11
79,0,7.25e-11
80,0,7.26e-11
81,0,7.27e-11
82,0,7.28e-11
83,0,7.29e-11
84,0,7.3e-11
85,0,7.31e-11
86,0,7.32e-11
87,0,7.33e-11
88,0,7.34e-11
89,0,7.35e-11
90,0,7.36e-11
91,0,7.37e-11
92,0,7.38e-11
93,0,7.39e-11
94,0,7.4e-11
95,0,7.41e-11
96,0,7.42e-11
97,0,7.43e-11
98,0,7.44e-11
99,0,7.45e-11
100,0,7.46e-11
101,0,7.47e-11
102,0,7.48e-11
103,0,7.5e-11
104,0,7.51e-11
105,0,7.52e-11
106,0,7.53e-11
107,0,7.54e-11
108,0,7.55e-11
109,0,7.56e-11
110,0,7.57e-11
111,0,7.58e-11
112,0,7.59e-11
113,0,7.6e-11
114,0,7.61e-11
115,0,7.62e-11
116,0,7.63e-11
117,0,7.64e-11
118,0,7.66e-11
119,0,7.67e-11
120,0,7.68e-11
121,0,7.69e-11
122,0,7.7e-11
123,0,7.71e-11
124,0,7.72e-11
125,0,7.73e-11
126,0,7.74e-11
127,0,7.75e-11
128,0,7.76e-11
129,0,7.77e-11
130,0,7.78e-11
131,0,7.79e-11
132,0,7.8e-11
133,0,7.81e-11
134,0,7.82e-11
135,0,7.83e-11
136,0,7.84e-11
137,0,7.85e-11
138,0,7.86e-11
139,0,7.87e-11
140,0,7.88e-11
141,0,7.89e-11
142,0,7.89e-11
143,0,7.9e-11
144,0,7.91e-11
145,0,7.92e-11
146,0,7.93e-11
147,0,7.94e-11
148,0,7.95e-11
149,0,7.95e-11
150,0,7.96e-11
151,0,7.97e-11
152,0,7.98e-11
153,0,7.99e-11
154,0,7.99e-11
155,0,8e-11
156,0,8.01e-11
157,0,8.01e-11
158,0,8.02e-11
159,0,8.03e-11
160,0,8.03e-11
161,0,8.04e-11
162,0,8.04e-11
163,0,8.05e-11
164,0,8.06e-11
165,0,8.06e-11
166,0,8.07e-11
167,0,8.07e-11
168,0,8.07e-11
169,0,8.08e-11
170,0,8.08e-11
171,0,8.09e-11
172,0,8.09e-11
173,0,8.09e-11
174,0,8.1e-11
175,0,8.1e-11
176,0,8.1e-11
177,0,8.1e-11
178,0,8.1e-11
179,0,8.11e-11
180,0,8.11e-11
181,0,8.11e-11
182,0,8.11e-11
183,0,8.11e-11
184,0,8.11e-11
185,0,8.11e-11
186,0,8.11e-11
187,0,8.11e-11
188,0,8.11e-11
189,0,8.1e-11
190,0,8.1e-11
191,0,8.1e-11
192,0,8.1e-11
193,0,8.09e-11
194,0,8.09e-11
195,0,8.09e-11
196,0,8.08e-11
197,0,8.08e-11
198,0,8.07e-11
199,0,8.07e-11
200,0,8.06e-11
201,0,8.05e-11
202,0,8.05e-11
203,0,8.04e-11
204,0,8.03e-11
205,0,8.02e-11
206,0,8.01e-11
207,0,8.01e-11
208,0,8e-11
209,0,7.99e-11
210,0,7.98e-11
211,0,7.96e-11
212,0,7.95e-11
213,0,7.94e-11
214,0,7.93e-11
215,0,7.92e-11
216,0,7.9e-11
217,0,7.89e-11
218,0,7.87e-11
219,0,7.86e-11
220,0,7.84e-11
221,0,7.83e-11
222,0,7.81e-11
223,0,7.79e-11
224,0,7.78e-11
225,0,7.76e-11
226,0,7.74e-11
227,0,7.72e-11
228,0,7.7e-11
229,0,7.68e-11
230,0,7.66e-11
231,0,7.64e-11
232,0,7.62e-11
233,0,7.59e-11
234,0,7.57e-11
235,0,7.55e-11
236,0,7.52e-11
237,0,7.5e-11
238,0,7.47e-11
239,0,7.44e-11
240,0,7.42e-11
241,0,7.39e-11
242,0,7.36e-11
243,0,7.33e-11
244,0,7.3e-11
245,0,7.27e-11
246,0,7.24e-11
247,0,7.21e-11
248,0,7.18e-11
249,0,7.15e-11
250,0,7.11e-11
251,0,7.08e-11
252,0,7.04e-11
253,0,7.01e-11
254,0,6.97e-11
255,0,6.93e-11
256,0,6.9e-11
257,0,6.86e-11
258,0,6.82e-11
259,0,6.78e-11
260,0,6.74e-11
261,0,6.7e-11
262,0,6.66e-11
263,0,6.61e-11
264,0,6.57e-11
265,0,6.53e-11
266,0,6.48e-11
267,0,6.44e-11
268,0,6.39e-11
269,0,6.34e-11
270,0,6.29e-11
271,0,6.25e-11
272,0,6.2e-11
273,0,6.15e-11
274,0,6.1e-11
275,0,6.04e-11
276,0,5.99e-11
277,0,5.94e-11
278,0,5.89e-11
279,0,5.83e-11
280,0,5.78e-11
281,0,5.72e-11
282,0,5.66e-11
283,0,5.61e-11
284,0,5.55e-11
285,0,5.49e-11
286,0,5.43e-11
287,0,5.37e-11
288,0,5.31e-11
289,0,5.25e-11
290,0,5.18e-11
291,0,5.12e-11
292,0,5.06e-11
293,0,4.99e-11
294,0,4.93e-11
295,0,4.86e-11
296,0,4.79e-11
297,0,4.72e-11
298,0,4.66e-11
299,0,4.59e-11
300,0,4.52e-11
301,0,4.44e-11
302,0,4.37e-11
303,0,4.3e-11
304,0,4.23e-11
305,0,4.15e-11
306,0,4.08e-11
307,0,-3.63e-10
308,0,-3.64e-10
309,0,3.86e-11
310,0,3.8e-11
311,0,3.73e-11
312,0,3.66e-11
313,0,3.59e-11
314,0,3.52e-11
315,0,3.45e-11
316,0,3.38e-11
317,0,3.3e-11
318,0,3.23e-11
319,0,3.16e-11
320,0,3.08e-11
321,0,3.01e-11
322,0,2.93e-11
323,0,2.85e-11
324,0,2.78e-11
325,0,2.7e-11
326,0,2.62e-11
327,0,2.54e-11
328,0,2.46e-11
329,0,2.38e-11
330,0,2.3e-11
331,0,-3.81e-10
332,0,-3.82e-10
333,0,2.07e-11
334,0,2e-11
335,0,1.93e-11
336,0,1.86e-11
337,0,1.78e-11
338,0,1.71e-11
339,0,1.64e-11
340,0,1.56e-11
341,0,1.49e-11
342,0,1.41e-11
343,0,1.33e-11
344,0,1.26e-11
345,0,1.18e-11
346,0,1.1e-11
347,0,1.03e-11
348,0,9.49e-12
349,0,8.7e-12
350,0,7.92e-12
351,0,7.13e-12
352,0,6.33e-12
353,0,5.54e-12
354,0,4.74e-12
355,0,3.93e-12
356,0,3.13e-12
357,0,2.32e-12
358,0,1.51e-12
359,0,6.91e-13
360,0,-1.25e-13
361,0,-9.44e-13
362,0,-1.76e-12
363,0,-2.59e-12
364,0,-3.41e-12
365,0,-4.24e-12
366,0,-5.07e-12
367,0,-5.9e-12
368,0,-6.73e-12
369,0,-7.56e-12
370,0,-8.4e-12
371,0,-9.23e-12
372,0,-1.01e-11
373,0,-1.09e-11
374,0,-1.17e-11
375,0,-1.26e-11
376,0,-1.34e-11
377,0,-1.42e-11
378,0,-1.51e-11
379,0,-1.59e-11
380,0,-1.68e-11
381,0,-1.76e-11
382,0,-1.84e-11
383,0,-1.93e-11
384,0,-2.01e-11
385,0,-2.09e-11
386,0,-2.17e-11
387,0,-2.26e-11
388,0,-2.34e-11
389,0,-2.42e-11
390,0,-2.5e-11
391,0,-2.59e-11
392,0,-2.67e-11
393,0,-2.75e-11
394,0,-2.83e-11
395,0,-2.91e-11
396,0,-2.99e-11
397,0,-3.07e-11
398,0,-3.15e-11
399,0,-3.23e-11
400,0,-3.31e-11
401,0,-3.39e-11
402,0,-3.47e-11
403,0,-3.54e-11
404,0,-3.62e-11
405,0,-3.7e-11
406,0,-3.77e-11
407,0,-3.85e-11
408,0,-3.92e-11
409,0,-4e-11
410,0,-4.07e-11
411,0,-4.14e-11
412,0,-4.22e-11
413,0,-4.29e-11
414,0,-4.36e-11
415,0,-4.43e-11
416,0,-4.5e-11
417,0,-4.57e-11
418,0,-4.63e-11
419,0,-4.7e-11
420,0,-4.77e-11
421,0,-4.83e-11
422,0,-4.9e-11
423,0,-4.96e-11
424,0,-5.02e-11
425,0,-5.08e-11
426,0,-5.15e-11
427,0,-5.21e-11
428,0,-5.26e-11
429,0,-5.32e-11
430,0,-5.38e-11
431,0,-5.43e-11
432,0,-5.49e-11
433,0,-5.54e-11
434,0,-5.59e-11
435,0,-5.65e-11
436,0,-5.7e-11
437,0,-5.74e-11
438,0,-5.79e-11
439,0,-5.84e-11
440,0,-5.88e-11
441,0,-5.93e-11
442,0,-5.97e-11
443,0,-6.01e-11
444,0,-6.05e-11
445,0,-6.09e-11
446,0,-6.13e-11
447,0,-6.16e-11
448,0,-6.2e-11
449,0,-6.23e-11
450,0,-6.26e-11
451,0,-6.29e-11
452,0,-6.32e-11
453,0,-6.35e-11
454,0,-6.38e-11
455,0,-6.4e-11
456,0,-6.42e-11
457,0,-6.45e-11
458,0,-6.47e-11
459,0,-6.48e-11
460,0,-6.5e-11
461,0,-6.51e-11
462,0,-6.53e-11
463,0,-6.54e-11
464,0,-6.55e-11
465,0,-6.56e-11
466,0,-6.57e-11
467,0,-6.57e-11
468,0,-6.57e-11
469,0,-6.58e-11
470,0,-6.58e-11
471,0,-6.57e-11
472,0,-6.57e-11
473,0,-6.56e-11
474,0,-6.56e-11
475,0,-6.55e-11
476,0,-6.54e-11
477,0,-6.53e-11
478,0,-6.51e-11
479,0,-6.5e-11
480,0,-6.48e-11
481,0,-6.46e-11
482,0,-6.44e-11
483,0,-6.41e-11
484,0,-6.39e-11
485,0,-6.36e-11
486,0,-6.33e-11
487,0,-6.3e-11
488,0,-6.27e-11
489,0,-6.24e-11
490,0,-6.2e-11
491,0,-6.16e-11
492,0,-6.12e-11
493,0,-6.08e-11
494,0,-6.04e-11
495,0,-5.99e-11
496,0,-5.94e-11
497,0,-5.9e-11
498,0,-5.84e-11
499,0,-5.79e-11
500,0,-5.74e-11
501,0,-5.68e-11
502,0,-5.62e-11
503,0,-5.56e-11
504,0,-5.5e-11
505,0,-5.44e-11
506,0,-5.37e-11
507,0,-5.31e-11
508,0,-5.24e-11
509,0,-5.17e-11
510,0,-5.09e-11
511,0,-5.02e-11
512,0,-4.94e-11
513,0,-4.87e-11
514,0,-4.79e-11
515,0,-4.71e-11
516,0,-4.63e-11
517,0,-4.54e-11
518,0,-4.46e-11
519,0,-4.37e-11
520,0,-4.28e-11
521,0,-4.19e-11
522,0,-4.1e-11
523,0,-4.01e-11
524,0,-3.91e-11
525,0,-3.82e-11
526,0,-3.72e-11
527,0,-3.62e-11
528,0,-3.52e-11
529,0,-3.42e-11
530,0,-3.31e-11
531,0,-3.21e-11
532,0,-3.1e-11
533,0,-3e-11
534,0,-2.89e-11
535,0,-2.78e-11
536,0,-2.67e-11
537,0,-2.56e-11
538,0,-2.45e-11
539,0,-2.33e-11
540,0,-2.22e-11
541,0,-2.1e-11
542,0,-1.99e-11
543,0,-1.87e-11
544,0,-1.75e-11
545,0,-1.63e-11
546,0,-1.51e-11
547,0,-1.39e-11
548,0,-1.27e-11
549,0,-1.15e-11
550,0,-1.03e-11
551,0,-9.03e-12
552,0,-7.8e-12
553,0,-6.55e-12
554,0,-5.31e-12
555,0,-4.06e-12
556,0,-2.8e-12
557,0,-1.54e-12
558,0,-2.82e-13
559,0,9.81e-13
560,0,2.25e-12
561,0,3.51e-12
562,0,4.78e-12
563,0,6.05e-12
564,0,7.32e-12
565,0,8.58e-12
566,0,9.85e-12
567,0,1.11e-11
568,0,1.24e-11
569,0,1.36e-11
570,0,1.49e-11
571,0,1.62e-11
572,0,1.74e-11
573,0,1.86e-11
574,0,1.99e-11
575,0,2.11e-11
576,0,2.24e-11
577,0,2.36e-11
578,0,2.48e-11
579,0,2.6e-11
580,0,2.72e-11
581,0,2.84e-11
582,0,2.96e-11
583,0,3.08e-11
584,0,3.19e-11
585,0,3.31e-11
586,0,3.42e-11
587,0,3.53e-11
588,0,3.65e-11
589,0,3.76e-11
590,0,3.87e-11
591,0,3.97e-11
592,0,4.08e-11
593,0,4.18e-11
594,0,4.29e-11
595,0,4.39e-11
596,0,4.49e-11
597,0,4.59e-11
598,0,4.69e-11
599,0,4.78e-11
600,0,4.87e-11
601,0,4.96e-11
602,0,5.05e-11
603,0,5.14e-11
604,0,5.23e-11
605,0,5.31e-11
606,0,5.39e-11
607,0,5.47e-11
608,0,5.55e-11
609,0,5.62e-11
610,0,5.69e-11
611,0,5.76e-11
612,0,5.83e-11
613,0,5.9e-11
614,0,5.96e-11
615,0,6.02e-11
616,0,6.08e-11
617,0,6.13e-11
618,0,6.18e-11
619,0,6.23e-11
620,0,6.28e-11
621,0,6.33e-11
622,0,6.37e-11
623,0,6.41e-11
624,0,6.44e-11
625,0,6.48e-11
626,0,6.51e-11
627,0,6.53e-11
628,0,6.56e-11
629,0,6.58e-11
630,0,6.6e-11
631,0,6.62e-11
632,0,6.63e-11
633,0,6.64e-11
634,0,6.64e-11
635,0,6.65e-11
636,0,6.65e-11
637,0,6.65e-11
638,0,6.64e-11
639,0,6.63e-11
640,0,6.62e-11
641,0,6.61e-11
642,0,6.59e-11
643,0,6.57e-11
644,0,6.54e-11
645,0,6.51e-11
646,0,6.48e-11
647,0,6.45e-11
648,0,6.41e-11
649,0,6.37e-11
650,0,6.33e-11
651,0,6.28e-11
652,0,6.23e-11
653,0,6.18e-11
654,0,6.13e-11
655,0,6.07e-11
656,0,6.01e-11
657,0,5.94e-11
658,0,5.87e-11
659,0,5.8e-11
660,0,5.73e-11
661,0,5.65e-11
662,0,5.57e-11
663,0,5.49e-11
664,0,5.4e-11
665,0,5.32e-11
666,0,5.22e-11
667,0,5.13e-11
668,0,5.03e-11
669,0,4.93e-11
670,0,4.83e-11
671,0,4.73e-11
672,0,4.62e-11
673,0,4.51e-11
674,0,4.4e-11
675,0,4.28e-11
676,0,4.17e-11
677,0,4.05e-11
678,0,3.93e-11
679,0,3.8e-11
680,0,3.68e-11
681,0,3.55e-11
682,0,3.42e-11
683,0,3.28e-11
684,0,3.15e-11
685,0,3.01e-11
686,0,2.88e-11
687,0,2.74e-11
688,0,2.6e-11
689,0,2.45e-11
690,0,2.31e-11
691,0,2.16e-11
692,0,2.02e-11
693,0,1.87e-11
694,0,1.72e-11
695,0,1.57e-11
696,0,1.41e-11
697,0,1.26e-11
698,0,1.11e-11
699,0,9.54e-12
700,0,7.98e-12
701,0,6.42e-12
702,0,4.85e-12
703,0,3.28e-12
704,0,1.71e-12
705,0,1.28e-13
706,0,-1.45e-12
707,0,-3.04e-12
708,0,-4.62e-12
709,0,-6.2e-12
710,0,-7.78e-12
711,0,-9.36e-12
712,0,-1.09e-11
713,0,-1.25e-11
714,0,-1.41e-11
715,0,-1.56e-11
716,0,-1.72e-11
717,0,-1.87e-11
718,0,-2.03e-11
719,0,-2.18e-11
720,0,-2.33e-11
721,0,-2.48e-11
722,0,-2.63e-11
723,0,-2.78e-11
724,0,-2.93e-11
725,0,-3.07e-11
726,0,-3.22e-11
727,0,-3.36e-11
728,0,-3.5e-11
729,0,-3.64e-11
730,0,-3.77e-11
731,0,-3.91e-11
732,0,-4.04e-11
733,0,-4.17e-11
734,0,-4.3e-11
735,0,-4.42e-11
736,0,-4.54e-11
737,0,-4.66e-11
738,0,-4.78e-11
739,0,-4.9e-11
740,0,-5.01e-11
741,0,-5.12e-11
742,0,-5.22e-11
743,0,-5.33e-11
744,0,-5.43e-11
745,0,-5.52e-11
746,0,-5.62e-11
747,0,-5.71e-11
748,0,-5.79e-11
749,0,-5.87e-11
750,0,-5.95e-11
751,0,-6.03e-11
752,0,-6.1e-11
753,0,-6.17e-11
754,0,-6.24e-11
755,0,-6.3e-11
756,0,-6.35e-11
757,0,-6.41e-11
758,0,-6.46e-11
759,0,-6.5e-11
760,0,-6.54e-11
761,0,-6.58e-11
762,0,-6.61e-11
763,0,-6.64e-11
764,0,-6.66e-11
765,0,-6.68e-11
766,0,-6.7e-11
767,0,-6.71e-11
768,0,-6.72e-11
769,0,-6.72e-11
770,0,-6.72e-11
771,0,-6.71e-11
772,0,-6.7e-11
773,0,-6.69e-11
774,0,-6.67e-11
775,0,-6.64e-11
776,0,-6.62e-11
777,0,-6.58e-11
778,0,-6.55e-11
779,0,-6.5e-11
780,0,-6.46e-11
781,0,-6.41e-11
782,0,-6.35e-11
783,0,-6.3e-11
784,0,-6.23e-11
785,0,-6.16e-11
786,0,-6.09e-11
787,0,-6.02e-11
788,0,-5.94e-11
789,0,-5.85e-11
790,0,-5.76e-11
791,0,-5.67e-11
792,0,-5.58e-11
793,0,-5.48e-11
794,0,-5.37e-11
795,0,-5.26e-11
796,0,-5.15e-11
797,0,-5.04e-11
798,0,-4.92e-11
799,0,-4.79e-11
800,0,-4.67e-11
801,0,-4.54e-11
802,0,-4.41e-11
803,0,-4.27e-11
804,0,-4.13e-11
805,0,-3.99e-11
806,0,-3.84e-11
807,0,-3.69e-11
808,0,-3.54e-11
809,0,-3.39e-11
810,0,-3.23e-11
811,0,-3.07e-11
812,0,-2.91e-11
813,0,-2.75e-11
814,0,-2.58e-11
815,0,-2.42e-11
816,0,-2.25e-11
817,0,-2.07e-11
818,0,-1.9e-11
819,0,-1.73e-11
820,0,-1.55e-11
821,0,-1.37e-11
822,0,-1.19e-11
823,0,-1.01e-11
824,0,-8.31e-12
825,0,-6.5e-12
826,0,-4.67e-12
827,0,-2.84e-12
828,0,-1e-12
829,0,8.34e-13
830,0,2.67e-12
831,0,4.51e-12
832,0,6.35e-12
833,0,8.19e-12
834,0,1e-11
835,0,1.18e-11
836,0,1.37e-11
837,0,1.55e-11
838,0,1.73e-11
839,0,1.91e-11
840,0,2.09e-11
841,0,2.26e-11
842,0,2.44e-11
843,0,2.61e-11
844,0,2.78e-11
845,0,2.95e-11
846,0,3.12e-11
847,0,3.28e-11
848,0,3.45e-11
849,0,3.61e-11
850,0,3.77e-11
851,0,3.92e-11
852,0,4.07e-11
853,0,4.22e-11
854,0,4.37e-11
855,0,4.51e-11
856,0,4.65e-11
857,0,4.79e-11
858,0,4.92e-11
859,0,5.05e-11
860,0,5.18e-11
861,0,5.3e-11
862,0,5.41e-11
863,0,5.53e-11
864,0,5.64e-11
865,0,5.74e-11
866,0,5.84e-11
867,0,5.94e-11
868,0,6.03e-11
869,0,6.11e-11
870,0,6.19e-11
871,0,6.27e-11
872,0,6.34e-11
873,0,6.41e-11
874,0,6.47e-11
875,0,6.53e-11
876,0,6.58e-11
877,0,6.62e-11
878,0,6.66e-11
879,0,6.7e-11
880,0,6.73e-11
881,0,6.75e-11
882,0,6.77e-11
883,0,6.78e-11
884,0,6.79e-11
885,0,6.79e-11
886,0,6.79e-11
887,0,6.78e-11
888,0,6.76e-11
889,0,6.74e-11
890,0,6.71e-11
891,0,6.68e-11
892,0,6.64e-11
893,0,6.6e-11
894,0,6.55e-11
895,0,6.5e-11
896,0,6.44e-11
897,0,6.37e-11
898,0,6.3e-11
899,0,6.22e-11
900,0,6.14e-11
901,0,6.05e-11
902,0,5.96e-11
903,0,5.86e-11
904,0,5.76e-11
905,0,5.65e-11
906,0,5.54e-11
907,0,5.42e-11
908,0,5.3e-11
909,0,5.17e-11
910,0,5.04e-11
911,0,4.9e-11
912,0,4.76e-11
913,0,4.62e-11
914,0,4.47e-11
915,0,4.32e-11
916,0,4.16e-11
917,0,4e-11
918,0,3.83e-11
919,0,3.66e-11
920,0,3.49e-11
921,0,3.32e-11
922,0,3.14e-11
923,0,2.96e-11
924,0,2.77e-11
925,0,2.59e-11
926,0,2.4e-11
927,0,2.21e-11
928,0,2.01e-11
929,0,1.82e-11
930,0,1.62e-11
931,0,1.42e-11
932,0,1.22e-11
933,0,1.02e-11
934,0,8.16e-12
935,0,6.11e-12
936,0,4.07e-12
937,0,2.01e-12
938,0,-4.51e-14
939,0,-2.11e-12
940,0,-4.17e-12
941,0,-6.22e-12
942,0,-8.28e-12
943,0,-1.03e-11
944,0,-1.24e-11
945,0,-1.44e-11
946,0,-1.64e-11
947,0,-1.84e-11
948,0,-2.04e-11
949,0,-2.24e-11
950,0,-2.44e-11
951,0,-2.63e-11
952,0,-2.82e-11
953,0,-3.01e-11
954,0,-3.2e-11
955,0,-3.38e-11
956,0,-3.56e-11
957,0,-3.74e-11
958,0,-3.91e-11
959,0,-4.08e-11
960,0,-4.25e-11
961,0,-4.41e-11
962,0,-4.57e-11
963,0,-4.73e-11
964,0,-4.88e-11
965,0,-5.03e-11
966,0,-5.17e-11
967,0,-5.3e-11
968,0,-5.44e-11
969,0,-5.56e-11
970,0,-5.68e-11
971,0,-5.8e-11
972,0,-5.91e-11
973,0,-6.02e-11
974,0,-6.12e-11
975,0,-6.21e-11
976,0,-6.3e-11
977,0,-6.38e-11
978,0,-6.45e-11
979,0,-6.52e-11
980,0,-6.59e-11
981,0,-6.64e-11
982,0,-6.69e-11
983,0,-6.74e-11
984,0,-6.77e-11
985,0,-6.8e-11
986,0,-6.83e-11
987,0,-6.85e-11
988,0,-6.86e-11
989,0,-6.86e-11
990,0,-6.86e-11
991,0,-6.85e-11
992,0,-6.83e-11
993,0,-6.81e-11
994,0,-6.77e-11
995,0,-6.74e-11
996,0,-6.69e-11
997,0,-6.64e-11
998,0,-6.58e-11
999,0,-6.52e-11
1000,0,-6.45e-11
1001,0,-6.37e-11
1002,0,-6.29e-11
1003,0,-6.2e-11
1004,0,-6.1e-11
1005,0,-6e-11
1006,0,-5.89e-11
1007,0,-5.77e-11
1008,0,-5.65e-11
1009,0,-5.52e-11
1010,0,-5.39e-11
1011,0,-5.23e-11
1012,0,-5.07e-11
1013,0,-4.9e-11
1014,0,-4.73e-11
1015,0,-4.55e-11
1016,0,-4.37e-11
1017,0,-4.19e-11
1018,0,-4e-11
1019,0,-3.81e-11
1020,0,-3.62e-11
1021,0,-3.42e-11
1022,0,-3.22e-11
1023,0,-3.02e-11
1024,0,-2.81e-11
1025,0,-2.61e-11
1026,0,-2.4e-11
1027,0,-2.19e-11
1028,0,-1.97e-11
1029,0,-1.76e-11
1030,0,-1.55e-11
1031,0,-1.33e-11
1032,0,-1.11e-11
1033,0,-8.98e-12
1034,0,-6.81e-12
1035,0,-4.64e-12
1036,0,-2.47e-12
1037,0,-3.11e-13
1038,0,1.84e-12
1039,0,3.99e-12
1040,0,6.13e-12
1041,0,8.25e-12
1042,0,1.04e-11
1043,0,1.25e-11
1044,0,1.45e-11
1045,0,1.66e-11
1046,0,1.86e-11
1047,0,2.06e-11
1048,0,2.26e-11
1049,0,2.45e-11
1050,0,2.65e-11
1051,0,2.84e-11
1052,0,3.02e-11
1053,0,3.2e-11
1054,0,3.38e-11
1055,0,3.55e-11
1056,0,3.72e-11
1057,0,3.89e-11
1058,0,4.05e-11
1059,0,4.21e-11
1060,0,4.36e-11
1061,0,4.51e-11
1062,0,4.65e-11
1063,0,4.79e-11
1064,0,4.92e-11
1065,0,5.05e-11
1066,0,5.17e-11
1067,0,5.29e-11
1068,0,5.4e-11
1069,0,5.5e-11
1070,0,5.6e-11
1071,0,5.69e-11
1072,0,5.78e-11
1073,0,5.86e-11
1074,0,5.94e-11
1075,0,6.01e-11
1076,0,6.07e-11
1077,0,6.13e-11
1078,0,6.18e-11
1079,0,6.22e-11
1080,0,6.26e-11
1081,0,6.29e-11
1082,0,6.32e-11
1083,0,6.34e-11
1084,0,6.35e-11
1085,0,6.36e-11
1086,0,6.36e-11
1087,0,6.35e-11
1088,0,6.34e-11
1089,0,6.32e-11
1090,0,6.3e-11
1091,0,6.27e-11
1092,0,6.23e-11
1093,0,6.19e-11
1094,0,6.14e-11
1095,0,6.09e-11
1096,0,6.03e-11
1097,0,5.96e-11
1098,0,5.89e-11
1099,0,5.81e-11
1100,0,5.73e-11
1101,0,5.64e-11
1102,0,5.55e-11
1103,0,5.45e-11
1104,0,5.35e-11
1105,0,5.24e-11
1106,0,5.13e-11
1107,0,5.01e-11
1108,0,4.88e-11
1109,0,4.76e-11
1110,0,4.63e-11
1111,0,4.49e-11
1112,0,4.35e-11
1113,0,4.21e-11
1114,0,4.06e-11
1115,0,3.91e-11
1116,0,3.75e-11
1117,0,3.6e-11
1118,0,3.44e-11
1119,0,3.27e-11
1120,0,3.11e-11
1121,0,2.94e-11
1122,0,2.76e-11
1123,0,2.59e-11
1124,0,2.42e-11
1125,0,2.24e-11
1126,0,2.06e-11
1127,0,1.88e-11
1128,0,1.69e-11
1129,0,1.51e-11
1130,0,1.32e-11
1131,0,1.14e-11
1132,0,9.53e-12
1133,0,7.66e-12
1134,0,5.79e-12
1135,0,3.91e-12
1136,0,2.04e-12
1137,0,1.68e-13
1138,0,-1.7e-12
1139,0,-3.56e-12
1140,0,-5.41e-12
1141,0,-7.26e-12
1142,0,-9.09e-12
1143,0,-1.09e-11
1144,0,-1.27e-11
1145,0,-1.45e-11
1146,0,-1.63e-11
1147,0,-1.8e-11
1148,0,-1.98e-11
1149,0,-2.15e-11
1150,0,-2.32e-11
1151,0,-2.48e-11
1152,0,-2.64e-11
1153,0,-2.8e-11
1154,0,-2.96e-11
1155,0,-3.12e-11
1156,0,-3.27e-11
1157,0,-3.41e-11
1158,0,-3.56e-11
1159,0,-3.7e-11
1160,0,-3.83e-11
1161,0,-3.96e-11
1162,0,-4.09e-11
1163,0,-4.22e-11
1164,0,-4.34e-11
1165,0,-4.45e-11
1166,0,-4.56e-11
1167,0,-4.67e-11
1168,0,-4.77e-11
1169,0,-4.87e-11
1170,0,-4.96e-11
1171,0,-5.05e-11
1172,0,-5.13e-11
1173,0,-5.2e-11
1174,0,-5.28e-11
1175,0,-5.34e-11
1176,0,-5.4e-11
1177,0,-5.46e-11
1178,0,-5.51e-11
1179,0,-5.56e-11
1180,0,-5.6e-11
1181,0,-5.63e-11
1182,0,-5.66e-11
1183,0,-5.68e-11
1184,0,-5.7e-11
1185,0,-5.72e-11
1186,0,-5.72e-11
1187,0,-5.72e-11
1188,0,-5.72e-11
1189,0,-5.71e-11
1190,0,-5.7e-11
1191,0,-5.68e-11
1192,0,-5.65e-11
1193,0,-5.62e-11
1194,0,-5.59e-11
1195,0,-5.55e-11
1196,0,-5.5e-11
1197,0,-5.45e-11
1198,0,-5.39e-11
1199,0,-5.33e-11
1200,0,-5.27e-11
1201,0,-5.2e-11
1202,0,-5.12e-11
1203,0,-5.04e-11
1204,0,-4.96e-11
1205,0,-4.87e-11
1206,0,-4.77e-11
1207,0,-4.67e-11
1208,0,-4.57e-11
1209,0,-4.47e-11
1210,0,-4.35e-11
1211,0,-4.24e-11
1212,0,-4.12e-11
1213,0,-4e-11
1214,0,-3.87e-11
1215,0,-3.75e-11
1216,0,-3.61e-11
1217,0,-3.48e-11
1218,0,-3.34e-11
1219,0,-3.2e-11
1220,0,-3.06e-11
1221,0,-2.91e-11
1222,0,-2.76e-11
1223,0,-2.61e-11
1224,0,-2.46e-11
1225,0,-2.3e-11
1226,0,-2.14e-11
1227,0,-1.98e-11
1228,0,-1.82e-11
1229,0,-1.66e-11
1230,0,-1.5e-11
1231,0,-1.33e-11
1232,0,-1.17e-11
1233,0,-1e-11
1234,0,-8.35e-12
1235,0,-6.67e-12
1236,0,-5e-12
1237,0,-3.32e-12
1238,0,-1.64e-12
1239,0,3.56e-14
1240,0,1.71e-12
1241,0,3.38e-12
1242,0,5.04e-12
1243,0,6.69e-12
1244,0,8.34e-12
1245,0,9.97e-12
1246,0,1.16e-11
1247,0,1.32e-11
1248,0,1.48e-11
1249,0,1.64e-11
1250,0,1.79e-11
1251,0,1.95e-11
1252,0,2.1e-11
1253,0,2.25e-11
1254,0,2.4e-11
1255,0,2.54e-11
1256,0,2.68e-11
1257,0,2.82e-11
1258,0,2.96e-11
1259,0,3.09e-11
1260,0,3.22e-11
1261,0,3.35e-11
1262,0,3.47e-11
1263,0,3.59e-11
1264,0,3.71e-11
1265,0,3.82e-11
1266,0,3.93e-11
1267,0,4.04e-11
1268,0,4.14e-11
1269,0,4.24e-11
1270,0,4.33e-11
1271,0,4.42e-11
1272,0,4.51e-11
1273,0,4.59e-11
1274,0,4.66e-11
1275,0,4.73e-11
1276,0,4.8e-11
1277,0,4.86e-11
1278,0,4.92e-11
1279,0,4.97e-11
1280,0,5.02e-11
1281,0,5.07e-11
1282,0,5.11e-11
1283,0,5.14e-11
1284,0,5.17e-11
1285,0,5.19e-11
1286,0,5.21e-11
1287,0,5.23e-11
1288,0,5.24e-11
1289,0,5.24e-11
1290,0,5.24e-11
1291,0,5.24e-11
1292,0,5.23e-11
1293,0,5.22e-11
1294,0,5.2e-11
1295,0,5.17e-11
1296,0,5.14e-11
1297,0,5.11e-11
1298,0,5.07e-11
1299,0,5.03e-11
1300,0,4.98e-11
1301,0,4.93e-11
1302,0,4.87e-11
1303,0,4.81e-11
1304,0,4.75e-11
1305,0,4.68e-11
1306,0,4.6e-11
1307,0,4.52e-11
1308,0,4.44e-11
1309,0,4.36e-11
1310,0,4.27e-11
1311,0,4.17e-11
1312,0,4.08e-11
1313,0,3.97e-11
1314,0,3.87e-11
1315,0,3.76e-11
1316,0,3.65e-11
1317,0,3.54e-11
1318,0,3.42e-11
1319,0,3.3e-11
1320,0,3.17e-11
1321,0,3.05e-11
1322,0,2.92e-11
1323,0,2.79e-11
1324,0,2.65e-11
1325,0,2.52e-11
1326,0,2.38e-11
1327,0,2.24e-11
1328,0,2.09e-11
1329,0,1.95e-11
1330,0,1.8e-11
1331,0,1.65e-11
1332,0,1.5e-11
1333,0,1.34e-11
1334,0,1.19e-11
1335,0,1.04e-11
1336,0,8.79e-12
1337,0,7.22e-12
1338,0,5.65e-12
1339,0,4.06e-12
1340,0,2.47e-12
1341,0,8.84e-13
1342,0,-7.08e-13
1343,0,-2.3e-12
1344,0,-3.89e-12
1345,0,-5.48e-12
1346,0,-7.06e-12
1347,0,-8.63e-12
1348,0,-1.02e-11
1349,0,-1.18e-11
1350,0,-1.33e-11
1351,0,-1.48e-11
1352,0,-1.64e-11
1353,0,-1.79e-11
1354,0,-1.94e-11
1355,0,-2.08e-11
1356,0,-2.23e-11
1357,0,-2.37e-11
1358,0,-2.52e-11
1359,0,-2.65e-11
1360,0,-2.79e-11
1361,0,-2.92e-11
1362,0,-3.06e-11
1363,0,-3.18e-11
1364,0,-3.31e-11
1365,0,-3.43e-11
1366,0,-3.55e-11
1367,0,-3.67e-11
1368,0,-3.78e-11
1369,0,-3.89e-11
1370,0,-4e-11
1371,0,-4.1e-11
1372,0,-4.2e-11
1373,0,-4.29e-11
1374,0,-4.38e-11
1375,0,-4.47e-11
1376,0,-4.55e-11
1377,0,-4.63e-11
1378,0,-4.7e-11
1379,0,-4.77e-11
1380,0,-4.83e-11
1381,0,-4.89e-11
1382,0,-4.95e-11
1383,0,-5e-11
1384,0,-5.05e-11
1385,0,-5.09e-11
1386,0,-5.13e-11
1387,0,-5.16e-11
1388,0,-5.19e-11
1389,0,-5.21e-11
1390,0,-5.23e-11
1391,0,-5.24e-11
1392,0,-5.25e-11
1393,0,-5.25e-11
1394,0,-5.25e-11
1395,0,-5.24e-11
1396,0,-5.23e-11
1397,0,-5.22e-11
1398,0,-5.2e-11
1399,0,-5.17e-11
1400,0,-5.14e-11
1401,0,-5.1e-11
1402,0,-5.06e-11
1403,0,-5.02e-11
1404,0,-4.97e-11
1405,0,-4.91e-11
1406,0,-4.86e-11
1407,0,-4.79e-11
1408,0,-4.72e-11
1409,0,-4.65e-11
1410,0,-4.58e-11
1411,0,-4.5e-11
1412,0,-4.41e-11
1413,0,-4.32e-11
1414,0,-4.23e-11
1415,0,-4.13e-11
1416,0,-4.03e-11
1417,0,-3.93e-11
1418,0,-3.82e-11
1419,0,-3.71e-11
1420,0,-3.59e-11
1421,0,-3.47e-11
1422,0,-3.35e-11
1423,0,-3.23e-11
1424,0,-3.1e-11
1425,0,-2.97e-11
1426,0,-2.83e-11
1427,0,-2.7e-11
1428,0,-2.56e-11
1429,0,-2.42e-11
1430,0,-2.27e-11
1431,0,-2.13e-11
1432,0,-1.98e-11
1433,0,-1.83e-11
1434,0,-1.68e-11
1435,0,-1.53e-11
1436,0,-1.37e-11
1437,0,-1.22e-11
1438,0,-1.06e-11
1439,0,-9.05e-12
1440,0,-7.46e-12
1441,0,-5.87e-12
1442,0,-4.28e-12
1443,0,-2.68e-12
1444,0,-1.07e-12
1445,0,5.31e-13
1446,0,2.13e-12
1447,0,3.74e-12
1448,0,5.33e-12
1449,0,6.93e-12
1450,0,8.51e-12
1451,0,1.01e-11
1452,0,1.17e-11
1453,0,1.32e-11
1454,0,1.48e-11
1455,0,1.63e-11
1456,0,1.78e-11
1457,0,1.93e-11
1458,0,2.08e-11
1459,0,2.23e-11
1460,0,2.37e-11
1461,0,2.51e-11
1462,0,2.65e-11
1463,0,2.79e-11
1464,0,2.93e-11
1465,0,3.06e-11
1466,0,3.19e-11
1467,0,3.31e-11
1468,0,3.44e-11
1469,0,3.56e-11
1470,0,3.67e-11
1471,0,3.79e-11
1472,0,3.9e-11
1473,0,4e-11
1474,0,4.11e-11
1475,0,4.21e-11
1476,0,4.3e-11
1477,0,4.39e-11
1478,0,4.48e-11
1479,0,4.56e-11
1480,0,4.64e-11
1481,0,4.71e-11
1482,0,4.78e-11
1483,0,4.85e-11
1484,0,4.91e-11
1485,0,4.97e-11
1486,0,5.02e-11
1487,0,5.07e-11
1488,0,5.11e-11
1489,0,5.15e-11
1490,0,5.18e-11
1491,0,5.21e-11
1492,0,5.23e-11
1493,0,5.25e-11
1494,0,5.26e-11
1495,0,5.27e-11
1496,0,5.27e-11
1497,0,5.27e-11
1498,0,5.27e-11
1499,0,5.26e-11
1500,0,5.24e-11
1501,0,5.22e-11
1502,0,5.2e-11
1503,0,5.16e-11
1504,0,5.13e-11
1505,0,5.09e-11
1506,0,5.05e-11
1507,0,5e-11
1508,0,4.94e-11
1509,0,4.88e-11
1510,0,4.82e-11
1511,0,4.75e-11
1512,0,4.68e-11
1513,0,4.61e-11
1514,0,4.53e-11
1515,0,4.44e-11
1516,0,4.35e-11
1517,0,4.26e-11
1518,0,4.16e-11
1519,0,4.06e-11
1520,0,3.96e-11
1521,0,3.85e-11
1522,0,3.74e-11
1523,0,3.62e-11
1524,0,3.51e-11
1525,0,3.39e-11
1526,0,3.26e-11
1527,0,3.13e-11
1528,0,3e-11
1529,0,2.87e-11
1530,0,2.73e-11
1531,0,2.59e-11
1532,0,2.45e-11
1533,0,2.31e-11
1534,0,2.16e-11
1535,0,2.02e-11
1536,0,1.87e-11
1537,0,1.72e-11
1538,0,1.56e-11
1539,0,1.41e-11
1540,0,1.26e-11
1541,0,1.1e-11
1542,0,9.41e-12
1543,0,7.83e-12
1544,0,6.24e-12
1545,0,4.64e-12
1546,0,3.04e-12
1547,0,1.44e-12
1548,0,-1.7e-13
1549,0,-1.77e-12
1550,0,-3.38e-12
1551,0,-4.98e-12
1552,0,-6.57e-12
1553,0,-8.16e-12
1554,0,-9.75e-12
1555,0,-1.13e-11
1556,0,-1.29e-11
1557,0,-1.44e-11
1558,0,-1.6e-11
1559,0,-1.75e-11
1560,0,-1.9e-11
1561,0,-2.05e-11
1562,0,-2.2e-11
1563,0,-2.34e-11
1564,0,-2.48e-11
1565,0,-2.62e-11
1566,0,-2.76e-11
1567,0,-2.9e-11
1568,0,-3.03e-11
1569,0,-3.16e-11
1570,0,-3.29e-11
1571,0,-3.41e-11
1572,0,-3.53e-11
1573,0,-3.65e-11
1574,0,-3.76e-11
1575,0,-3.87e-11
1576,0,-3.98e-11
1577,0,-4.08e-11
1578,0,-4.18e-11
1579,0,-4.28e-11
1580,0,-4.37e-11
1581,0,-4.46e-11
1582,0,-4.54e-11
1583,0,-4.62e-11
1584,0,-4.7e-11
1585,0,-4.77e-11
1586,0,-4.83e-11
1587,0,-4.9e-11
1588,0,-4.95e-11
1589,0,-5.01e-11
1590,0,-5.05e-11
1591,0,-5.1e-11
1592,0,-5.14e-11
1593,0,-5.17e-11
1594,0,-5.2e-11
1595,0,-5.22e-11
1596,0,-5.24e-11
1597,0,-5.26e-11
1598,0,-5.27e-11
1599,0,-5.27e-11
1600,0,-5.27e-11
1601,0,-5.27e-11
1602,0,-5.26e-11
1603,0,-5.24e-11
1604,0,-5.22e-11
1605,0,-5.2e-11
1606,0,-5.17e-11
1607,0,-5.14e-11
1608,0,-5.1e-11
1609,0,-5.05e-11
1610,0,-5e-11
1611,0,-4.95e-11
1612,0,-4.89e-11
1613,0,-4.83e-11
1614,0,-4.77e-11
1615,0,-4.7e-11
1616,0,-4.62e-11
1617,0,-4.54e-11
1618,0,-4.46e-11
1619,0,-4.37e-11
1620,0,-4.28e-11
1621,0,-4.18e-11
1622,0,-4.08e-11
1623,0,-3.98e-11
1624,0,-3.87e-11
1625,0,-3.76e-11
1626,0,-3.65e-11
1627,0,-3.53e-11
1628,0,-3.41e-11
1629,0,-3.29e-11
1630,0,-3.16e-11
1631,0,-3.03e-11
1632,0,-2.9e-11
1633,0,-2.76e-11
1634,0,-2.62e-11
1635,0,-2.48e-11
1636,0,-2.34e-11
1637,0,-2.19e-11
1638,0,-2.05e-11
1639,0,-1.9e-11
1640,0,-1.75e-11
1641,0,-1.6e-11
1642,0,-1.44e-11
1643,0,-1.29e-11
1644,0,-1.13e-11
1645,0,-9.74e-12
1646,0,-8.16e-12
1647,0,-6.57e-12
1648,0,-4.98e-12
1649,0,-3.38e-12
1650,0,-1.78e-12
1651,0,-1.73e-13
1652,0,1.43e-12
1653,0,3.03e-12
1654,0,4.63e-12
1655,0,6.23e-12
1656,0,7.82e-12
1657,0,9.4e-12
1658,0,1.1e-11
1659,0,1.25e-11
1660,0,1.41e-11
1661,0,1.56e-11
1662,0,1.72e-11
1663,0,1.87e-11
1664,0,2.02e-11
1665,0,2.16e-11
1666,0,2.31e-11
1667,0,2.45e-11
1668,0,2.59e-11
1669,0,2.73e-11
1670,0,2.87e-11
1671,0,3e-11
1672,0,3.13e-11
1673,0,3.26e-11
1674,0,3.38e-11
1675,0,3.5e-11
1676,0,3.62e-11
1677,0,3.74e-11
1678,0,3.85e-11
1679,0,3.96e-11
1680,0,4.06e-11
1681,0,4.16e-11
1682,0,4.26e-11
1683,0,4.35e-11
1684,0,4.44e-11
1685,0,4.52e-11
1686,0,4.6e-11
1687,0,4.68e-11
1688,0,4.75e-11
1689,0,4.82e-11
1690,0,4.88e-11
1691,0,4.94e-11
1692,0,4.99e-11
1693,0,5.04e-11
1694,0,5.08e-11
1695,0,5.12e-11
1696,0,5.16e-11
1697,0,5.19e-11
1698,0,5.21e-11
1699,0,5.24e-11
1700,0,5.25e-11
1701,0,5.26e-11
1702,0,5.27e-11
1703,0,5.27e-11
1704,0,5.26e-11
1705,0,5.26e-11
1706,0,5.24e-11
1707,0,5.22e-11
1708,0,5.2e-11
1709,0,5.17e-11
1710,0,5.14e-11
1711,0,5.1e-11
1712,0,5.06e-11
1713,0,5.01e-11
1714,0,4.96e-11
1715,0,4.9e-11
1716,0,4.84e-11
1717,0,4.78e-11
1718,0,4.71e-11
1719,0,4.63e-11
1720,0,4.56e-11
1721,0,4.47e-11
1722,0,4.39e-11
1723,0,4.3e-11
1724,0,4.2e-11
1725,0,4.1e-11
1726,0,4e-11
1727,0,3.89e-11
1728,0,3.78e-11
1729,0,3.67e-11
1730,0,3.55e-11
1731,0,3.43e-11
1732,0,3.31e-11
1733,0,3.18e-11
1734,0,3.06e-11
1735,0,2.92e-11
1736,0,2.79e-11
1737,0,2.65e-11
1738,0,2.51e-11
1739,0,2.37e-11
1740,0,2.23e-11
1741,0,2.08e-11
1742,0,1.93e-11
1743,0,1.78e-11
1744,0,1.63e-11
1745,0,1.48e-11
1746,0,1.32e-11
1747,0,1.17e-11
1748,0,1.01e-11
1749,0,8.51e-12
1750,0,6.93e-12
1751,0,5.34e-12
1752,0,3.74e-12
1753,0,2.14e-12
1754,0,5.37e-13
1755,0,-1.07e-12
1756,0,-2.67e-12
1757,0,-4.27e-12
1758,0,-5.86e-12
1759,0,-7.45e-12
1760,0,-9.03e-12
1761,0,-1.06e-11
1762,0,-1.22e-11
1763,0,-1.37e-11
1764,0,-1.53e-11
1765,0,-1.68e-11
1766,0,-1.83e-11
1767,0,-1.98e-11
1768,0,-2.13e-11
1769,0,-2.27e-11
1770,0,-2.42e-11
1771,0,-2.56e-11
1772,0,-2.7e-11
1773,0,-2.83e-11
1774,0,-2.97e-11
1775,0,-3.1e-11
1776,0,-3.23e-11
1777,0,-3.35e-11
1778,0,-3.47e-11
1779,0,-3.59e-11
1780,0,-3.71e-11
1781,0,-3.82e-11
1782,0,-3.93e-11
1783,0,-4.03e-11
1784,0,-4.13e-11
1785,0,-4.23e-11
1786,0,-4.32e-11
1787,0,-4.41e-11
1788,0,-4.5e-11
1789,0,-4.58e-11
1790,0,-4.66e-11
1791,0,-4.73e-11
1792,0,-4.8e-11
1793,0,-4.86e-11
1794,0,-4.92e-11
1795,0,-4.98e-11
1796,0,-5.03e-11
1797,0,-5.07e-11
1798,0,-5.11e-11
1799,0,-5.15e-11
1800,0,-5.18e-11
1801,0,-5.21e-11
1802,0,-5.23e-11
1803,0,-5.24e-11
1804,0,-5.26e-11
1805,0,-5.26e-11
1806,0,-5.26e-11
1807,0,-5.26e-11
1808,0,-5.25e-11
1809,0,-5.24e-11
1810,0,-5.22e-11
1811,0,-5.2e-11
1812,0,-5.18e-11
1813,0,-5.14e-11
1814,0,-5.11e-11
1815,0,-5.07e-11
1816,0,-5.02e-11
1817,0,-4.97e-11
1818,0,-4.91e-11
1819,0,-4.85e-11
1820,0,-4.79e-11
1821,0,-4.72e-11
1822,0,-4.65e-11
1823,0,-4.57e-11
1824,0,-4.49e-11
1825,0,-4.4e-11
1826,0,-4.31e-11
1827,0,-4.22e-11
1828,0,-4.12e-11
1829,0,-4.02e-11
1830,0,-3.92e-11
1831,0,-3.81e-11
1832,0,-3.7e-11
1833,0,-3.58e-11
1834,0,-3.46e-11
1835,0,-3.34e-11
1836,0,-3.21e-11
1837,0,-3.08e-11
1838,0,-2.95e-11
1839,0,-2.82e-11
1840,0,-2.68e-11
1841,0,-2.54e-11
1842,0,-2.4e-11
1843,0,-2.26e-11
1844,0,-2.11e-11
1845,0,-1.97e-11
1846,0,-1.82e-11
1847,0,-1.66e-11
1848,0,-1.51e-11
1849,0,-1.36e-11
1850,0,-1.2e-11
1851,0,-1.05e-11
1852,0,-8.88e-12
1853,0,-7.3e-12
1854,0,-5.71e-12
1855,0,-4.12e-12
1856,0,-2.52e-12
1857,0,-9.19e-13
1858,0,6.83e-13
1859,0,2.28e-12
1860,0,3.88e-12
1861,0,5.48e-12
1862,0,7.07e-12
1863,0,8.65e-12
1864,0,1.02e-11
1865,0,1.18e-11
1866,0,1.33e-11
1867,0,1.49e-11
1868,0,1.64e-11
1869,0,1.79e-11
1870,0,1.94e-11
1871,0,2.09e-11
1872,0,2.24e-11
1873,0,2.38e-11
1874,0,2.52e-11
1875,0,2.66e-11
1876,0,2.8e-11
1877,0,2.93e-11
1878,0,3.06e-11
1879,0,3.19e-11
1880,0,3.32e-11
1881,0,3.44e-11
1882,0,3.56e-11
1883,0,3.68e-11
1884,0,3.79e-11
1885,0,3.9e-11
1886,0,4e-11
1887,0,4.11e-11
1888,0,4.2e-11
1889,0,4.3e-11
1890,0,4.39e-11
1891,0,4.48e-11
1892,0,4.56e-11
1893,0,4.64e-11
1894,0,4.71e-11
1895,0,4.78e-11
1896,0,4.84e-11
1897,0,4.9e-11
1898,0,4.96e-11
1899,0,5.01e-11
1900,0,5.06e-11
1901,0,5.1e-11
1902,0,5.14e-11
1903,0,5.17e-11
1904,0,5.2e-11
1905,0,5.22e-11
1906,0,5.24e-11
1907,0,5.25e-11
1908,0,5.26e-11
1909,0,5.26e-11
1910,0,5.26e-11
1911,0,5.25e-11
1912,0,5.24e-11
1913,0,5.23e-11
1914,0,5.21e-11
1915,0,5.18e-11
1916,0,5.15e-11
1917,0,5.11e-11
1918,0,5.07e-11
1919,0,5.03e-11
1920,0,4.98e-11
1921,0,4.93e-11
1922,0,4.87e-11
1923,0,4.8e-11
1924,0,4.74e-11
1925,0,4.66e-11
1926,0,4.59e-11
1927,0,4.51e-11
1928,0,4.42e-11
1929,0,4.33e-11
1930,0,4.24e-11
1931,0,4.14e-11
1932,0,4.04e-11
1933,0,3.94e-11
1934,0,3.83e-11
1935,0,3.72e-11
1936,0,3.61e-11
1937,0,3.49e-11
1938,0,3.37e-11
1939,0,3.24e-11
1940,0,3.11e-11
1941,0,2.98e-11
1942,0,2.85e-11
1943,0,2.71e-11
1944,0,2.58e-11
1945,0,2.44e-11
1946,0,2.29e-11
1947,0,2.15e-11
1948,0,2e-11
1949,0,1.85e-11
1950,0,1.7e-11
1951,0,1.55e-11
1952,0,1.39e-11
1953,0,1.24e-11
1954,0,1.08e-11
1955,0,9.27e-12
1956,0,7.69e-12
1957,0,6.1e-12
1958,0,4.51e-12
1959,0,2.91e-12
1960,0,1.32e-12
1961,0,-2.85e-13
1962,0,-1.88e-12
1963,0,-3.48e-12
1964,0,-5.08e-12
1965,0,-6.67e-12
1966,0,-8.25e-12
1967,0,-9.83e-12
1968,0,-1.14e-11
1969,0,-1.3e-11
1970,0,-1.45e-11
1971,0,-1.6e-11
1972,0,-1.75e-11
1973,0,-1.9e-11
1974,0,-2.05e-11
1975,0,-2.2e-11
1976,0,-2.34e-11
1977,0,-2.49e-11
1978,0,-2.63e-11
1979,0,-2.76e-11
1980,0,-2.9e-11
1981,0,-3.03e-11
1982,0,-3.16e-11
1983,0,-3.29e-11
1984,0,-3.41e-11
1985,0,-3.53e-11
1986,0,-3.65e-11
1987,0,-3.76e-11
1988,0,-3.87e-11
1989,0,-3.98e-11
1990,0,-4.08e-11
1991,0,-4.18e-11
1992,0,-4.27e-11
1993,0,-4.36e-11
1994,0,-4.45e-11
1995,0,-4.53e-11
1996,0,-4.61e-11
1997,0,-4.69e-11
1998,0,-4.76e-11
1999,0,-4.82e-11
2000,0,-4.89e-11
2001,0,-4.94e-11
2002,0,-4.99e-11
2003,0,-5.04e-11
2004,0,-5.09e-11
2005,0,-5.12e-11
2006,0,-5.16e-11
2007,0,-5.19e-11
2008,0,-5.21e-11
2009,0,-5.23e-11
2010,0,-5.24e-11
2011,0,-5.25e-11
2012,0,-5.26e-11
2013,0,-5.26e-11
2014,0,-5.25e-11
2015,0,-5.24e-11
2016,0,-5.23e-11
2017,0,-5.21e-11
2018,0,-5.18e-11
2019,0,-5.15e-11
2020,0,-5.12e-11
2021,0,-5.08e-11
2022,0,-5.04e-11
2023,0,-4.99e-11
2024,0,-4.94e-11
2025,0,-4.88e-11
2026,0,-4.82e-11
2027,0,-4.75e-11
2028,0,-4.68e-11
2029,0,-4.61e-11
2030,0,-4.53e-11
2031,0,-4.44e-11
2032,0,-4.35e-11
2033,0,-4.26e-11
2034,0,-4.17e-11
2035,0,-4.07e-11
2036,0,-3.96e-11
2037,0,-3.86e-11
2038,0,-3.75e-11
2039,0,-3.63e-11
2040,0,-3.52e-11
2041,0,-3.4e-11
2042,0,-3.27e-11
2043,0,-3.15e-11
2044,0,-3.02e-11
2045,0,-2.88e-11
2046,0,-2.75e-11
2047,0,-2.61e-11
2048,0,-2.47e-11
2049,0,-2.33e-11
2050,0,-2.18e-11
2051,0,-2.04e-11
2052,0,-1.89e-11
2053,0,-1.74e-11
2054,0,-1.59e-11
2055,0,-1.43e-11
2056,0,-1.28e-11
2057,0,-1.12e-11
2058,0,-9.67e-12
2059,0,-8.09e-12
2060,0,-6.51e-12
2061,0,-4.92e-12
2062,0,-3.33e-12
2063,0,-1.73e-12
2064,0,-1.29e-13
2065,0,1.47e-12
2066,0,3.07e-12
2067,0,4.66e-12
2068,0,6.25e-12
2069,0,7.84e-12
2070,0,9.41e-12
2071,0,1.1e-11
2072,0,1.25e-11
2073,0,1.41e-11
2074,0,1.56e-11
2075,0,1.71e-11
2076,0,1.86e-11
2077,0,2.01e-11
2078,0,2.16e-11
2079,0,2.3e-11
2080,0,2.45e-11
2081,0,2.59e-11
2082,0,2.73e-11
2083,0,2.86e-11
2084,0,2.99e-11
2085,0,3.12e-11
2086,0,3.25e-11
2087,0,3.37e-11
2088,0,3.5e-11
2089,0,3.61e-11
2090,0,3.73e-11
2091,0,3.84e-11
2092,0,3.95e-11
2093,0,4.05e-11
2094,0,4.15e-11
2095,0,4.25e-11
2096,0,4.34e-11
2097,0,4.43e-11
2098,0,4.51e-11
2099,0,4.59e-11
2100,0,4.67e-11
2101,0,4.74e-11
2102,0,4.8e-11
2103,0,4.87e-11
2104,0,4.93e-11
2105,0,4.98e-11
2106,0,5.03e-11
2107,0,5.07e-11
2108,0,5.11e-11
2109,0,5.15e-11
2110,0,5.18e-11
2111,0,5.2e-11
2112,0,5.22e-11
2113,0,5.24e-11
2114,0,5.25e-11
2115,0,5.25e-11
2116,0,5.25e-11
2117,0,5.25e-11
2118,0,5.24e-11
2119,0,5.23e-11
2120,0,5.21e-11
2121,0,5.19e-11
2122,0,5.16e-11
2123,0,5.13e-11
2124,0,5.09e-11
2125,0,5.05e-11
2126,0,5e-11
2127,0,4.95e-11
2128,0,4.89e-11
2129,0,4.83e-11
2130,0,4.77e-11
2131,0,4.7e-11
2132,0,4.62e-11
2133,0,4.54e-11
2134,0,4.46e-11
2135,0,4.38e-11
2136,0,4.29e-11
2137,0,4.19e-11
2138,0,4.09e-11
2139,0,3.99e-11
2140,0,3.88e-11
2141,0,3.77e-11
2142,0,3.66e-11
2143,0,3.55e-11
2144,0,3.43e-11
2145,0,3.3e-11
2146,0,3.18e-11
2147,0,3.05e-11
2148,0,2.92e-11
2149,0,2.78e-11
2150,0,2.65e-11
2151,0,2.51e-11
2152,0,2.36e-11
2153,0,2.22e-11
2154,0,2.08e-11
2155,0,1.93e-11
2156,0,1.78e-11
2157,0,1.63e-11
2158,0,1.47e-11
2159,0,1.32e-11
2160,0,1.16e-11
2161,0,1.01e-11
2162,0,8.51e-12
2163,0,6.93e-12
2164,0,5.34e-12
2165,0,3.75e-12
2166,0,2.15e-12
2167,0,5.56e-13
2168,0,-1.04e-12
2169,0,-2.64e-12
2170,0,-4.23e-12
2171,0,-5.82e-12
2172,0,-7.41e-12
2173,0,-8.99e-12
2174,0,-1.06e-11
2175,0,-1.21e-11
2176,0,-1.37e-11
2177,0,-1.52e-11
2178,0,-1.67e-11
2179,0,-1.82e-11
2180,0,-1.97e-11
2181,0,-2.12e-11
2182,0,-2.26e-11
2183,0,-2.41e-11
2184,0,-2.55e-11
2185,0,-2.69e-11
2186,0,-2.82e-11
2187,0,-2.96e-11
2188,0,-3.09e-11
2189,0,-3.22e-11
2190,0,-3.34e-11
2191,0,-3.46e-11
2192,0,-3.58e-11
2193,0,-3.7e-11
2194,0,-3.81e-11
2195,0,-3.92e-11
2196,0,-4.02e-11
2197,0,-4.12e-11
2198,0,-4.22e-11
2199,0,-4.31e-11
2200,0,-4.4e-11
2201,0,-4.49e-11
2202,0,-4.57e-11
2203,0,-4.64e-11
2204,0,-4.72e-11
2205,0,-4.78e-11
2206,0,-4.85e-11
2207,0,-4.91e-11
2208,0,-4.96e-11
2209,0,-5.01e-11
2210,0,-5.06e-11
2211,0,-5.1e-11
2212,0,-5.13e-11
2213,0,-5.17e-11
2214,0,-5.19e-11
2215,0,-5.21e-11
2216,0,-5.23e-11
2217,0,-5.24e-11
2218,0,-5.25e-11
2219,0,-5.25e-11
2220,0,-5.25e-11
2221,0,-5.24e-11
2222,0,-5.23e-11
2223,0,-5.21e-11
2224,0,-5.19e-11
2225,0,-5.16e-11
2226,0,-5.13e-11
2227,0,-5.1e-11
2228,0,-5.06e-11
2229,0,-5.01e-11
2230,0,-4.96e-11
2231,0,-4.91e-11
2232,0,-4.85e-11
2233,0,-4.78e-11
2234,0,-4.71e-11
2235,0,-4.64e-11
2236,0,-4.56e-11
2237,0,-4.48e-11
2238,0,-4.4e-11
2239,0,-4.31e-11
2240,0,-4.21e-11
2241,0,-4.12e-11
2242,0,-4.02e-11
2243,0,-3.91e-11
2244,0,-3.8e-11
2245,0,-3.69e-11
2246,0,-3.58e-11
2247,0,-3.46e-11
2248,0,-3.34e-11
2249,0,-3.21e-11
2250,0,-3.08e-11
2251,0,-2.95e-11
2252,0,-2.82e-11
2253,0,-2.68e-11
2254,0,-2.54e-11
2255,0,-2.4e-11
2256,0,-2.26e-11
2257,0,-2.11e-11
2258,0,-1.97e-11
2259,0,-1.82e-11
2260,0,-1.67e-11
2261,0,-1.52e-11
2262,0,-1.36e-11
2263,0,-1.21e-11
2264,0,-1.05e-11
2265,0,-8.94e-12
2266,0,-7.36e-12
2267,0,-5.78e-12
2268,0,-4.19e-12
2269,0,-2.59e-12
2270,0,-9.96e-13
2271,0,6.02e-13
2272,0,2.2e-12
2273,0,3.79e-12
2274,0,5.38e-12
2275,0,6.97e-12
2276,0,8.55e-12
2277,0,1.01e-11
2278,0,1.17e-11
2279,0,1.32e-11
2280,0,1.48e-11
2281,0,1.63e-11
2282,0,1.78e-11
2283,0,1.93e-11
2284,0,2.08e-11
2285,0,2.22e-11
2286,0,2.37e-11
2287,0,2.51e-11
2288,0,2.65e-11
2289,0,2.78e-11
2290,0,2.92e-11
2291,0,3.05e-11
2292,0,3.18e-11
2293,0,3.3e-11
2294,0,3.43e-11
2295,0,3.55e-11
2296,0,3.66e-11
2297,0,3.77e-11
2298,0,3.88e-11
2299,0,3.99e-11
2300,0,4.09e-11
2301,0,4.19e-11
2302,0,4.28e-11
2303,0,4.37e-11
2304,0,4.46e-11
2305,0,4.54e-11
2306,0,4.62e-11
2307,0,4.69e-11
2308,0,4.76e-11
2309,0,4.83e-11
2310,0,4.89e-11
2311,0,4.94e-11
2312,0,5e-11
2313,0,5.04e-11
2314,0,5.08e-11
2315,0,5.12e-11
2316,0,5.15e-11
2317,0,5.18e-11
2318,0,5.21e-11
2319,0,5.22e-11
2320,0,5.24e-11
2321,0,5.25e-11
2322,0,5.25e-11
2323,0,5.25e-11
2324,0,5.24e-11
2325,0,5.23e-11
2326,0,5.22e-11
2327,0,5.2e-11
2328,0,5.17e-11
2329,0,5.14e-11
2330,0,5.1e-11
2331,0,5.07e-11
2332,0,5.02e-11
2333,0,4.97e-11
2334,0,4.92e-11
2335,0,4.86e-11
2336,0,4.8e-11
2337,0,4.73e-11
2338,0,4.66e-11
2339,0,4.58e-11
2340,0,4.5e-11
2341,0,4.42e-11
2342,0,4.33e-11
2343,0,4.24e-11
2344,0,4.14e-11
2345,0,4.04e-11
2346,0,3.94e-11
2347,0,3.83e-11
2348,0,3.72e-11
2349,0,3.61e-11
2350,0,3.49e-11
2351,0,3.37e-11
2352,0,3.24e-11
2353,0,3.12e-11
2354,0,2.99e-11
2355,0,2.85e-11
2356,0,2.72e-11
2357,0,2.58e-11
2358,0,2.44e-11
2359,0,2.3e-11
2360,0,2.15e-11
2361,0,2.01e-11
2362,0,1.86e-11
2363,0,1.71e-11
2364,0,1.56e-11
2365,0,1.4e-11
2366,0,1.25e-11
2367,0,1.09e-11
2368,0,9.38e-12
2369,0,7.8e-12
2370,0,6.22e-12
2371,0,4.63e-12
2372,0,3.04e-12
2373,0,1.45e-12
2374,0,-1.5e-13
2375,0,-1.75e-12
2376,0,-3.34e-12
2377,0,-4.93e-12
2378,0,-6.52e-12
2379,0,-8.1e-12
2380,0,-9.67e-12
2381,0,-1.12e-11
2382,0,-1.28e-11
2383,0,-1.43e-11
2384,0,-1.59e-11
2385,0,-1.74e-11
2386,0,-1.89e-11
2387,0,-2.04e-11
2388,0,-2.18e-11
2389,0,-2.33e-11
2390,0,-2.47e-11
2391,0,-2.61e-11
2392,0,-2.74e-11
2393,0,-2.88e-11
2394,0,-3.01e-11
2395,0,-3.14e-11
2396,0,-3.27e-11
2397,0,-3.39e-11
2398,0,-3.51e-11
2399,0,-3.63e-11
2400,0,-3.74e-11
2401,0,-3.85e-11
2402,0,-3.96e-11
2403,0,-4.06e-11
2404,0,-4.16e-11
2405,0,-4.26e-11
2406,0,-4.35e-11
2407,0,-4.43e-11
2408,0,-4.52e-11
2409,0,-4.6e-11
2410,0,-4.67e-11
2411,0,-4.74e-11
2412,0,-4.81e-11
2413,0,-4.87e-11
2414,0,-4.93e-11
2415,0,-4.98e-11
2416,0,-5.03e-11
2417,0,-5.07e-11
2418,0,-5.11e-11
2419,0,-5.14e-11
2420,0,-5.17e-11
2421,0,-5.2e-11
2422,0,-5.22e-11
2423,0,-5.23e-11
2424,0,-5.24e-11
2425,0,-5.25e-11
2426,0,-5.25e-11
2427,0,-5.24e-11
2428,0,-5.23e-11
2429,0,-5.22e-11
2430,0,-5.2e-11
2431,0,-5.18e-11
2432,0,-5.15e-11
2433,0,-5.11e-11
2434,0,-5.07e-11
2435,0,-5.03e-11
2436,0,-4.98e-11
2437,0,-4.93e-11
2438,0,-4.88e-11
2439,0,-4.81e-11
2440,0,-4.75e-11
2441,0,-4.68e-11
2442,0,-4.6e-11
2443,0,-4.53e-11
2444,0,-4.44e-11
2445,0,-4.36e-11
2446,0,-4.26e-11
2447,0,-4.17e-11
2448,0,-4.07e-11
2449,0,-3.97e-11
2450,0,-3.86e-11
2451,0,-3.75e-11
2452,0,-3.64e-11
2453,0,-3.52e-11
2454,0,-3.4e-11
2455,0,-3.28e-11
2456,0,-3.15e-11
2457,0,-3.02e-11
2458,0,-2.89e-11
2459,0,-2.76e-11
2460,0,-2.62e-11
2461,0,-2.48e-11
2462,0,-2.34e-11
2463,0,-2.2e-11
2464,0,-2.05e-11
2465,0,-1.9e-11
2466,0,-1.75e-11
2467,0,-1.6e-11
2468,0,-1.45e-11
2469,0,-1.29e-11
2470,0,-1.14e-11
2471,0,-9.83e-12
2472,0,-8.26e-12
2473,0,-6.68e-12
2474,0,-5.09e-12
2475,0,-3.5e-12
2476,0,-1.91e-12
2477,0,-3.13e-13
2478,0,1.28e-12
2479,0,2.88e-12
2480,0,4.47e-12
2481,0,6.06e-12
2482,0,7.64e-12
2483,0,9.21e-12
2484,0,1.08e-11
2485,0,1.23e-11
2486,0,1.39e-11
2487,0,1.54e-11
2488,0,1.69e-11
2489,0,1.84e-11
2490,0,1.99e-11
2491,0,2.14e-11
2492,0,2.28e-11
2493,0,2.43e-11
2494,0,2.57e-11
2495,0,2.7e-11
2496,0,2.84e-11
2497,0,2.97e-11
2498,0,3.1e-11
2499,0,3.23e-11
2500,0,3.35e-11
2501,0,3.47e-11
2502,0,3.59e-11
2503,0,3.71e-11
2504,0,3.82e-11
2505,0,3.93e-11
2506,0,4.03e-11
2507,0,4.13e-11
2508,0,4.23e-11
2509,0,4.32e-11
2510,0,4.41e-11
2511,0,4.49e-11
2512,0,4.57e-11
2513,0,4.65e-11
2514,0,4.72e-11
2515,0,4.79e-11
2516,0,4.85e-11
2517,0,4.91e-11
2518,0,4.96e-11
2519,0,5.01e-11
2520,0,5.06e-11
2521,0,5.1e-11
2522,0,5.13e-11
2523,0,5.16e-11
2524,0,5.19e-11
2525,0,5.21e-11
2526,0,5.23e-11
2527,0,5.24e-11
2528,0,5.24e-11
2529,0,5.25e-11
2530,0,5.24e-11
2531,0,5.23e-11
2532,0,5.22e-11
2533,0,5.2e-11
2534,0,5.18e-11
2535,0,5.15e-11
2536,0,5.12e-11
2537,0,5.08e-11
2538,0,5.04e-11
2539,0,5e-11
2540,0,4.95e-11
2541,0,4.89e-11
2542,0,4.83e-11
2543,0,4.77e-11
2544,0,4.7e-11
2545,0,4.62e-11
2546,0,4.55e-11
2547,0,4.47e-11
2548,0,4.38e-11
2549,0,4.29e-11
2550,0,4.2e-11
2551,0,4.1e-11
2552,0,4e-11
2553,0,3.89e-11
2554,0,3.78e-11
2555,0,3.67e-11
2556,0,3.56e-11
2557,0,3.44e-11
2558,0,3.31e-11
2559,0,3.19e-11
2560,0,3.06e-11
2561,0,2.93e-11
2562,0,2.8e-11
2563,0,2.66e-11
2564,0,2.52e-11
2565,0,2.38e-11
2566,0,2.24e-11
2567,0,2.09e-11
2568,0,1.94e-11
2569,0,1.8e-11
2570,0,1.65e-11
2571,0,1.49e-11
2572,0,1.34e-11
2573,0,1.18e-11
2574,0,1.03e-11
2575,0,8.72e-12
2576,0,7.14e-12
2577,0,5.56e-12
2578,0,3.97e-12
2579,0,2.38e-12
2580,0,7.86e-13
2581,0,-8.09e-13
2582,0,-2.4e-12
2583,0,-4e-12
2584,0,-5.58e-12
2585,0,-7.17e-12
2586,0,-8.74e-12
2587,0,-1.03e-11
2588,0,-1.19e-11
2589,0,-1.34e-11
2590,0,-1.5e-11
2591,0,-1.65e-11
2592,0,-1.8e-11
2593,0,-1.95e-11
2594,0,-2.09e-11
2595,0,-2.24e-11
2596,0,-2.38e-11
2597,0,-2.52e-11
2598,0,-2.66e-11
2599,0,-2.8e-11
2600,0,-2.93e-11
2601,0,-3.06e-11
2602,0,-3.19e-11
2603,0,-3.32e-11
2604,0,-3.44e-11
2605,0,-3.56e-11
2606,0,-3.67e-11
2607,0,-3.78e-11
2608,0,-3.89e-11
2609,0,-4e-11
2610,0,-4.1e-11
2611,0,-4.2e-11
2612,0,-4.29e-11
2613,0,-4.38e-11
2614,0,-4.47e-11
2615,0,-4.55e-11
2616,0,-4.62e-11
2617,0,-4.7e-11
2618,0,-4.77e-11
2619,0,-4.83e-11
2620,0,-4.89e-11
2621,0,-4.95e-11
2622,0,-5e-11
2623,0,-5.04e-11
2624,0,-5.08e-11
2625,0,-5.12e-11
2626,0,-5.15e-11
2627,0,-5.18e-11
2628,0,-5.2e-11
2629,0,-5.22e-11
2630,0,-5.23e-11
2631,0,-5.24e-11
2632,0,-5.24e-11
2633,0,-5.24e-11
2634,0,-5.23e-11
2635,0,-5.22e-11
2636,0,-5.21e-11
2637,0,-5.19e-11
2638,0,-5.16e-11
2639,0,-5.13e-11
2640,0,-5.09e-11
2641,0,-5.05e-11
2642,0,-5.01e-11
2643,0,-4.96e-11
2644,0,-4.91e-11
2645,0,-4.85e-11
2646,0,-4.78e-11
2647,0,-4.72e-11
2648,0,-4.65e-11
2649,0,-4.57e-11
2650,0,-4.49e-11
2651,0,-4.4e-11
2652,0,-4.32e-11
2653,0,-4.22e-11
2654,0,-4.13e-11
2655,0,-4.03e-11
2656,0,-3.92e-11
2657,0,-3.81e-11
2658,0,-3.7e-11
2659,0,-3.59e-11
2660,0,-3.47e-11
2661,0,-3.35e-11
2662,0,-3.23e-11
2663,0,-3.1e-11
2664,0,-2.97e-11
2665,0,-2.84e-11
2666,0,-2.7e-11
2667,0,-2.56e-11
2668,0,-2.42e-11
2669,0,-2.28e-11
2670,0,-2.14e-11
2671,0,-1.99e-11
2672,0,-1.84e-11
2673,0,-1.69e-11
2674,0,-1.54e-11
2675,0,-1.39e-11
2676,0,-1.23e-11
2677,0,-1.08e-11
2678,0,-9.19e-12
2679,0,-7.62e-12
2680,0,-6.04e-12
2681,0,-4.45e-12
2682,0,-2.86e-12
2683,0,-1.27e-12
2684,0,3.26e-13
2685,0,1.92e-12
2686,0,3.51e-12
2687,0,5.1e-12
2688,0,6.68e-12
2689,0,8.26e-12
2690,0,9.83e-12
2691,0,1.14e-11
2692,0,1.29e-11
2693,0,1.45e-11
2694,0,1.6e-11
2695,0,1.75e-11
2696,0,1.9e-11
2697,0,2.05e-11
2698,0,2.19e-11
2699,0,2.34e-11
2700,0,2.48e-11
2701,0,2.62e-11
2702,0,2.76e-11
2703,0,2.89e-11
2704,0,3.02e-11
2705,0,3.15e-11
2706,0,3.28e-11
2707,0,3.4e-11
2708,0,3.52e-11
2709,0,3.64e-11
2710,0,3.75e-11
2711,0,3.86e-11
2712,0,3.96e-11
2713,0,4.07e-11
2714,0,4.17e-11
2715,0,4.26e-11
2716,0,4.35e-11
2717,0,4.44e-11
2718,0,4.52e-11
2719,0,4.6e-11
2720,0,4.67e-11
2721,0,4.74e-11
2722,0,4.81e-11
2723,0,4.87e-11
2724,0,4.93e-11
2725,0,4.98e-11
2726,0,5.03e-11
2727,0,5.07e-11
2728,0,5.11e-11
2729,0,5.14e-11
2730,0,5.17e-11
2731,0,5.19e-11
2732,0,5.21e-11
2733,0,5.23e-11
2734,0,5.24e-11
2735,0,5.24e-11
2736,0,5.24e-11
2737,0,5.24e-11
2738,0,5.23e-11
2739,0,5.21e-11
2740,0,5.19e-11
2741,0,5.17e-11
2742,0,5.14e-11
2743,0,5.1e-11
2744,0,5.07e-11
2745,0,5.02e-11
2746,0,4.97e-11
2747,0,4.92e-11
2748,0,4.86e-11
2749,0,4.8e-11
2750,0,4.74e-11
2751,0,4.67e-11
2752,0,4.59e-11
2753,0,4.51e-11
2754,0,4.43e-11
2755,0,4.34e-11
2756,0,4.25e-11
2757,0,4.16e-11
2758,0,4.06e-11
2759,0,3.95e-11
2760,0,3.85e-11
2761,0,3.74e-11
2762,0,3.62e-11
2763,0,3.51e-11
2764,0,3.39e-11
2765,0,3.26e-11
2766,0,3.14e-11
2767,0,3.01e-11
2768,0,2.88e-11
2769,0,2.74e-11
2770,0,2.6e-11
2771,0,2.47e-11
2772,0,2.32e-11
2773,0,2.18e-11
2774,0,2.03e-11
2775,0,1.89e-11
2776,0,1.74e-11
2777,0,1.58e-11
2778,0,1.43e-11
2779,0,1.28e-11
2780,0,1.12e-11
2781,0,9.67e-12
2782,0,8.1e-12
2783,0,6.52e-12
2784,0,4.94e-12
2785,0,3.35e-12
2786,0,1.76e-12
2787,0,1.65e-13
2788,0,-1.43e-12
2789,0,-3.02e-12
2790,0,-4.61e-12
2791,0,-6.2e-12
2792,0,-7.77e-12
2793,0,-9.35e-12
2794,0,-1.09e-11
2795,0,-1.25e-11
2796,0,-1.4e-11
2797,0,-1.55e-11
2798,0,-1.7e-11
2799,0,-1.85e-11
2800,0,-2e-11
2801,0,-2.15e-11
2802,0,-2.29e-11
2803,0,-2.44e-11
2804,0,-2.58e-11
2805,0,-2.71e-11
2806,0,-2.85e-11
2807,0,-2.98e-11
2808,0,-3.11e-11
2809,0,-3.24e-11
2810,0,-3.36e-11
2811,0,-3.48e-11
2812,0,-3.6e-11
2813,0,-3.71e-11
2814,0,-3.82e-11
2815,0,-3.93e-11
2816,0,-4.03e-11
2817,0,-4.13e-11
2818,0,-4.23e-11
2819,0,-4.32e-11
2820,0,-4.41e-11
2821,0,-4.49e-11
2822,0,-4.57e-11
2823,0,-4.65e-11
2824,0,-4.72e-11
2825,0,-4.79e-11
2826,0,-4.85e-11
2827,0,-4.91e-11
2828,0,-4.96e-11
2829,0,-5.01e-11
2830,0,-5.06e-11
2831,0,-5.09e-11
2832,0,-5.13e-11
2833,0,-5.16e-11
2834,0,-5.19e-11
2835,0,-5.21e-11
2836,0,-5.22e-11
2837,0,-5.23e-11
2838,0,-5.24e-11
2839,0,-5.24e-11
2840,0,-5.24e-11
2841,0,-5.23e-11
2842,0,-5.21e-11
2843,0,-5.2e-11
2844,0,-5.17e-11
2845,0,-5.15e-11
2846,0,-5.11e-11
2847,0,-5.08e-11
2848,0,-5.03e-11
2849,0,-4.99e-11
2850,0,-4.94e-11
2851,0,-4.88e-11
2852,0,-4.82e-11
2853,0,-4.76e-11
2854,0,-4.69e-11
2855,0,-4.61e-11
2856,0,-4.54e-11
2857,0,-4.45e-11
2858,0,-4.37e-11
2859,0,-4.28e-11
2860,0,-4.18e-11
2861,0,-4.09e-11
2862,0,-3.98e-11
2863,0,-3.88e-11
2864,0,-3.77e-11
2865,0,-3.66e-11
2866,0,-3.54e-11
2867,0,-3.42e-11
2868,0,-3.3e-11
2869,0,-3.18e-11
2870,0,-3.05e-11
2871,0,-2.92e-11
2872,0,-2.78e-11
2873,0,-2.65e-11
2874,0,-2.51e-11
2875,0,-2.37e-11
2876,0,-2.22e-11
2877,0,-2.08e-11
2878,0,-1.93e-11
2879,0,-1.78e-11
2880,0,-1.63e-11
2881,0,-1.48e-11
2882,0,-1.33e-11
2883,0,-1.17e-11
2884,0,-1.02e-11
2885,0,-8.59e-12
2886,0,-7.01e-12
2887,0,-5.43e-12
2888,0,-3.85e-12
2889,0,-2.26e-12
2890,0,-6.64e-13
2891,0,9.29e-13
2892,0,2.52e-12
2893,0,4.11e-12
2894,0,5.7e-12
2895,0,7.28e-12
2896,0,8.85e-12
2897,0,1.04e-11
2898,0,1.2e-11
2899,0,1.35e-11
2900,0,1.51e-11
2901,0,1.66e-11
2902,0,1.81e-11
2903,0,1.96e-11
2904,0,2.1e-11
2905,0,2.25e-11
2906,0,2.39e-11
2907,0,2.53e-11
2908,0,2.67e-11
2909,0,2.81e-11
2910,0,2.94e-11
2911,0,3.07e-11
2912,0,3.2e-11
2913,0,3.32e-11
2914,0,3.44e-11
2915,0,3.56e-11
2916,0,3.68e-11
2917,0,3.79e-11
2918,0,3.9e-11
2919,0,4e-11
2920,0,4.1e-11
2921,0,4.2e-11
2922,0,4.29e-11
2923,0,4.38e-11
2924,0,4.47e-11
2925,0,4.55e-11
2926,0,4.63e-11
2927,0,4.7e-11
2928,0,4.77e-11
2929,0,4.83e-11
2930,0,4.89e-11
2931,0,4.94e-11
2932,0,4.99e-11
2933,0,5.04e-11
2934,0,5.08e-11
2935,0,5.12e-11
2936,0,5.15e-11
2937,0,5.18e-11
2938,0,5.2e-11
2939,0,5.22e-11
2940,0,5.23e-11
2941,0,5.24e-11
2942,0,5.24e-11
2943,0,5.24e-11
2944,0,5.23e-11
2945,0,5.22e-11
2946,0,5.2e-11
2947,0,5.18e-11
2948,0,5.15e-11
2949,0,5.12e-11
2950,0,5.09e-11
2951,0,5.05e-11
2952,0,5e-11
2953,0,4.95e-11
2954,0,4.9e-11
2955,0,4.84e-11
2956,0,4.78e-11
2957,0,4.71e-11
2958,0,4.64e-11
2959,0,4.56e-11
2960,0,4.48e-11
2961,0,4.39e-11
2962,0,4.31e-11
2963,0,4.21e-11
2964,0,4.12e-11
2965,0,4.02e-11
2966,0,3.91e-11
2967,0,3.8e-11
2968,0,3.69e-11
2969,0,3.58e-11
2970,0,3.46e-11
2971,0,3.34e-11
2972,0,3.22e-11
2973,0,3.09e-11
2974,0,2.96e-11
2975,0,2.82e-11
2976,0,2.69e-11
2977,0,2.55e-11
2978,0,2.41e-11
2979,0,2.27e-11
2980,0,2.12e-11
2981,0,1.98e-11
2982,0,1.83e-11
2983,0,1.68e-11
2984,0,1.53e-11
2985,0,1.37e-11
2986,0,1.22e-11
2987,0,1.07e-11
2988,0,9.09e-12
2989,0,7.51e-12
2990,0,5.93e-12
2991,0,4.35e-12
2992,0,2.76e-12
2993,0,1.17e-12
2994,0,-4.23e-13
2995,0,-2.01e-12
2996,0,-3.6e-12
2997,0,-5.19e-12
2998,0,-6.77e-12
2999,0,-8.35e-12
3000,0,-9.92e-12
3001,0,-1.15e-11
3002,0,-1.3e-11
3003,0,-1.46e-11
3004,0,-1.61e-11
3005,0,-1.76e-11
3006,0,-1.91e-11
3007,0,-2.06e-11
3008,0,-2.2e-11
3009,0,-2.34e-11
3010,0,-2.49e-11
3011,0,-2.62e-11
3012,0,-2.76e-11
3013,0,-2.9e-11
3014,0,-3.03e-11
3015,0,-3.16e-11
3016,0,-3.28e-11
3017,0,-3.4e-11
3018,0,-3.52e-11
3019,0,-3.64e-11
3020,0,-3.75e-11
3021,0,-3.86e-11
3022,0,-3.97e-11
3023,0,-4.07e-11
3024,0,-4.17e-11
3025,0,-4.26e-11
3026,0,-4.35e-11
3027,0,-4.44e-11
3028,0,-4.52e-11
3029,0,-4.6e-11
3030,0,-4.67e-11
3031,0,-4.74e-11
3032,0,-4.81e-11
3033,0,-4.87e-11
3034,0,-4.93e-11
3035,0,-4.98e-11
3036,0,-5.02e-11
3037,0,-5.07e-11
3038,0,-5.11e-11
3039,0,-5.14e-11
3040,0,-5.17e-11
3041,0,-5.19e-11
3042,0,-5.21e-11
3043,0,-5.22e-11
3044,0,-5.23e-11
3045,0,-5.24e-11
3046,0,-5.24e-11
3047,0,-5.23e-11
3048,0,-5.22e-11
3049,0,-5.21e-11
3050,0,-5.19e-11
3051,0,-5.16e-11
3052,0,-5.13e-11
3053,0,-5.1e-11
3054,0,-5.06e-11
3055,0,-5.02e-11
3056,0,-4.97e-11
3057,0,-4.91e-11
3058,0,-4.86e-11
3059,0,-4.8e-11
3060,0,-4.73e-11
3061,0,-4.66e-11
3062,0,-4.58e-11
3063,0,-4.5e-11
3064,0,-4.42e-11
3065,0,-4.33e-11
3066,0,-4.24e-11
3067,0,-4.15e-11
3068,0,-4.05e-11
3069,0,-3.94e-11
3070,0,-3.84e-11
3071,0,-3.73e-11
3072,0,-3.61e-11
3073,0,-3.5e-11
3074,0,-3.38e-11
3075,0,-3.25e-11
3076,0,-3.13e-11
3077,0,-3e-11
3078,0,-2.87e-11
3079,0,-2.73e-11
3080,0,-2.6e-11
3081,0,-2.46e-11
3082,0,-2.31e-11
3083,0,-2.17e-11
3084,0,-2.02e-11
3085,0,-1.88e-11
3086,0,-1.73e-11
3087,0,-1.58e-11
3088,0,-1.42e-11
3089,0,-1.27e-11
3090,0,-1.11e-11
3091,0,-9.59e-12
3092,0,-8.02e-12
3093,0,-6.44e-12
3094,0,-4.86e-12
3095,0,-3.27e-12
3096,0,-1.68e-12
3097,0,-9.1e-14
3098,0,1.5e-12
3099,0,3.09e-12
3100,0,4.68e-12
3101,0,6.26e-12
3102,0,7.84e-12
3103,0,9.41e-12
3104,0,1.1e-11
3105,0,1.25e-11
3106,0,1.41e-11
3107,0,1.56e-11
3108,0,1.71e-11
3109,0,1.86e-11
3110,0,2.01e-11
3111,0,2.15e-11
3112,0,2.3e-11
3113,0,2.44e-11
3114,0,2.58e-11
3115,0,2.72e-11
3116,0,2.85e-11
3117,0,2.98e-11
3118,0,3.11e-11
3119,0,3.24e-11
3120,0,3.36e-11
3121,0,3.48e-11
3122,0,3.6e-11
3123,0,3.71e-11
3124,0,3.83e-11
3125,0,3.93e-11
3126,0,4.04e-11
3127,0,4.14e-11
3128,0,4.23e-11
3129,0,4.32e-11
3130,0,4.41e-11
3131,0,4.49e-11
3132,0,4.57e-11
3133,0,4.65e-11
3134,0,4.72e-11
3135,0,4.79e-11
3136,0,4.85e-11
3137,0,4.91e-11
3138,0,4.96e-11
3139,0,5.01e-11
3140,0,5.05e-11
3141,0,5.09e-11
3142,0,5.13e-11
3143,0,5.16e-11
3144,0,5.18e-11
3145,0,5.2e-11
3146,0,5.22e-11
3147,0,5.23e-11
3148,0,5.23e-11
3149,0,5.24e-11
3150,0,5.23e-11
3151,0,5.22e-11
3152,0,5.21e-11
3153,0,5.19e-11
3154,0,5.17e-11
3155,0,5.14e-11
3156,0,5.11e-11
3157,0,5.07e-11
3158,0,5.03e-11
3159,0,4.98e-11
3160,0,4.93e-11
3161,0,4.87e-11
3162,0,4.81e-11
3163,0,4.75e-11
3164,0,4.68e-11
3165,0,4.61e-11
3166,0,4.53e-11
3167,0,4.45e-11
3168,0,4.36e-11
3169,0,4.27e-11
3170,0,4.18e-11
3171,0,4.08e-11
3172,0,3.98e-11
3173,0,3.87e-11
3174,0,3.76e-11
3175,0,3.65e-11
3176,0,3.54e-11
3177,0,3.42e-11
3178,0,3.29e-11
3179,0,3.17e-11
3180,0,3.04e-11
3181,0,2.91e-11
3182,0,2.78e-11
3183,0,2.64e-11
3184,0,2.5e-11
3185,0,2.36e-11
3186,0,2.22e-11
3187,0,2.07e-11
3188,0,1.92e-11
3189,0,1.78e-11
3190,0,1.63e-11
3191,0,1.47e-11
3192,0,1.32e-11
3193,0,1.17e-11
3194,0,1.01e-11
3195,0,8.53e-12
3196,0,6.96e-12
3197,0,5.38e-12
3198,0,3.79e-12
3199,0,2.2e-12
3200,0,6.11e-13
3201,0,-9.81e-13
3202,0,-2.57e-12
3203,0,-4.16e-12
3204,0,-5.74e-12
3205,0,-7.32e-12
3206,0,-8.9e-12
3207,0,-1.05e-11
3208,0,-1.2e-11
3209,0,-1.36e-11
3210,0,-1.51e-11
3211,0,-1.66e-11
3212,0,-1.81e-11
3213,0,-1.96e-11
3214,0,-2.11e-11
3215,0,-2.25e-11
3216,0,-2.39e-11
3217,0,-2.53e-11
3218,0,-2.67e-11
3219,0,-2.81e-11
3220,0,-2.94e-11
3221,0,-3.07e-11
3222,0,-3.2e-11
3223,0,-3.32e-11
3224,0,-3.44e-11
3225,0,-3.56e-11
3226,0,-3.68e-11
3227,0,-3.79e-11
3228,0,-3.9e-11
3229,0,-4e-11
3230,0,-4.1e-11
3231,0,-4.2e-11
3232,0,-4.29e-11
3233,0,-4.38e-11
3234,0,-4.47e-11
3235,0,-4.55e-11
3236,0,-4.62e-11
3237,0,-4.7e-11
3238,0,-4.76e-11
3239,0,-4.83e-11
3240,0,-4.89e-11
3241,0,-4.94e-11
3242,0,-4.99e-11
3243,0,-5.04e-11
3244,0,-5.08e-11
3245,0,-5.11e-11
3246,0,-5.15e-11
3247,0,-5.17e-11
3248,0,-5.19e-11
3249,0,-5.21e-11
3250,0,-5.22e-11
3251,0,-5.23e-11
3252,0,-5.23e-11
3253,0,-5.23e-11
3254,0,-5.23e-11
3255,0,-5.21e-11
3256,0,-5.2e-11
3257,0,-5.18e-11
3258,0,-5.15e-11
3259,0,-5.12e-11
3260,0,-5.08e-11
3261,0,-5.04e-11
3262,0,-5e-11
3263,0,-4.95e-11
3264,0,-4.89e-11
3265,0,-4.83e-11
3266,0,-4.77e-11
3267,0,-4.7e-11
3268,0,-4.63e-11
3269,0,-4.55e-11
3270,0,-4.47e-11
3271,0,-4.39e-11
3272,0,-4.3e-11
3273,0,-4.21e-11
3274,0,-4.11e-11
3275,0,-4.01e-11
3276,0,-3.91e-11
3277,0,-3.8e-11
3278,0,-3.69e-11
3279,0,-3.57e-11
3280,0,-3.46e-11
3281,0,-3.33e-11
3282,0,-3.21e-11
3283,0,-3.08e-11
3284,0,-2.95e-11
3285,0,-2.82e-11
3286,0,-2.68e-11
3287,0,-2.55e-11
3288,0,-2.41e-11
3289,0,-2.26e-11
3290,0,-2.12e-11
3291,0,-1.97e-11
3292,0,-1.82e-11
3293,0,-1.67e-11
3294,0,-1.52e-11
3295,0,-1.37e-11
3296,0,-1.22e-11
3297,0,-1.06e-11
3298,0,-9.05e-12
3299,0,-7.48e-12
3300,0,-5.9e-12
3301,0,-4.31e-12
3302,0,-2.73e-12
3303,0,-1.14e-12
3304,0,4.55e-13
3305,0,2.05e-12
3306,0,3.63e-12
3307,0,5.22e-12
3308,0,6.8e-12
3309,0,8.38e-12
3310,0,9.94e-12
3311,0,1.15e-11
3312,0,1.3e-11
3313,0,1.46e-11
3314,0,1.61e-11
3315,0,1.76e-11
3316,0,1.91e-11
3317,0,2.06e-11
3318,0,2.2e-11
3319,0,2.35e-11
3320,0,2.49e-11
3321,0,2.63e-11
3322,0,2.76e-11
3323,0,2.9e-11
3324,0,3.03e-11
3325,0,3.16e-11
3326,0,3.28e-11
3327,0,3.4e-11
3328,0,3.52e-11
3329,0,3.64e-11
3330,0,3.75e-11
3331,0,3.86e-11
3332,0,3.97e-11
3333,0,4.07e-11
3334,0,4.17e-11
3335,0,4.26e-11
3336,0,4.35e-11
3337,0,4.44e-11
3338,0,4.52e-11
3339,0,4.6e-11
3340,0,4.67e-11
3341,0,4.74e-11
3342,0,4.81e-11
3343,0,4.87e-11
3344,0,4.92e-11
3345,0,4.97e-11
3346,0,5.02e-11
3347,0,5.06e-11
3348,0,5.1e-11
3349,0,5.14e-11
3350,0,5.16e-11
3351,0,5.19e-11
3352,0,5.21e-11
3353,0,5.22e-11
3354,0,5.23e-11
3355,0,5.23e-11
3356,0,5.23e-11
3357,0,5.23e-11
3358,0,5.22e-11
3359,0,5.2e-11
3360,0,5.18e-11
3361,0,5.16e-11
3362,0,5.13e-11
3363,0,5.09e-11
3364,0,5.05e-11
3365,0,5.01e-11
3366,0,4.96e-11
3367,0,4.91e-11
3368,0,4.85e-11
3369,0,4.79e-11
3370,0,4.72e-11
3371,0,4.65e-11
3372,0,4.58e-11
3373,0,4.5e-11
3374,0,4.42e-11
3375,0,4.33e-11
3376,0,4.24e-11
3377,0,4.14e-11
3378,0,4.04e-11
3379,0,3.94e-11
3380,0,3.83e-11
3381,0,3.72e-11
3382,0,3.61e-11
3383,0,3.49e-11
3384,0,3.37e-11
3385,0,3.25e-11
3386,0,3.12e-11
3387,0,3e-11
3388,0,2.86e-11
3389,0,2.73e-11
3390,0,2.59e-11
3391,0,2.45e-11
3392,0,2.31e-11
3393,0,2.17e-11
3394,0,2.02e-11
3395,0,1.87e-11
3396,0,1.72e-11
3397,0,1.57e-11
3398,0,1.42e-11
3399,0,1.27e-11
3400,0,1.11e-11
3401,0,9.57e-12
3402,0,8e-12
3403,0,6.42e-12
3404,0,4.84e-12
3405,0,3.26e-12
3406,0,1.67e-12
3407,0,7.59e-14
3408,0,-1.51e-12
3409,0,-3.1e-12
3410,0,-4.69e-12
3411,0,-6.27e-12
3412,0,-7.85e-12
3413,0,-9.42e-12
3414,0,-1.1e-11
3415,0,-1.25e-11
3416,0,-1.41e-11
3417,0,-1.56e-11
3418,0,-1.71e-11
3419,0,-1.86e-11
3420,0,-2.01e-11
3421,0,-2.15e-11
3422,0,-2.3e-11
3423,0,-2.44e-11
3424,0,-2.58e-11
3425,0,-2.72e-11
3426,0,-2.85e-11
3427,0,-2.98e-11
3428,0,-3.11e-11
3429,0,-3.24e-11
3430,0,-3.36e-11
3431,0,-3.48e-11
3432,0,-3.6e-11
3433,0,-3.71e-11
3434,0,-3.82e-11
3435,0,-3.93e-11
3436,0,-4.03e-11
3437,0,-4.13e-11
3438,0,-4.23e-11
3439,0,-4.32e-11
3440,0,-4.41e-11
3441,0,-4.49e-11
3442,0,-4.57e-11
3443,0,-4.65e-11
3444,0,-4.72e-11
3445,0,-4.78e-11
3446,0,-4.85e-11
3447,0,-4.9e-11
3448,0,-4.96e-11
3449,0,-5.01e-11
3450,0,-5.05e-11
3451,0,-5.09e-11
3452,0,-5.12e-11
3453,0,-5.15e-11
3454,0,-5.18e-11
3455,0,-5.2e-11
3456,0,-5.21e-11
3457,0,-5.23e-11
3458,0,-5.23e-11
3459,0,-5.23e-11
3460,0,-5.23e-11
3461,0,-5.22e-11
3462,0,-5.21e-11
3463,0,-5.19e-11
3464,0,-5.16e-11
3465,0,-5.14e-11
3466,0,-5.1e-11
3467,0,-5.07e-11
3468,0,-5.03e-11
3469,0,-4.98e-11
3470,0,-4.93e-11
3471,0,-4.87e-11
3472,0,-4.81e-11
3473,0,-4.75e-11
3474,0,-4.68e-11
3475,0,-4.6e-11
3476,0,-4.53e-11
3477,0,-4.44e-11
3478,0,-4.36e-11
3479,0,-4.27e-11
3480,0,-4.17e-11
3481,0,-4.08e-11
3482,0,-3.98e-11
3483,0,-3.87e-11
3484,0,-3.76e-11
3485,0,-3.65e-11
3486,0,-3.53e-11
3487,0,-3.41e-11
3488,0,-3.29e-11
3489,0,-3.17e-11
3490,0,-3.04e-11
3491,0,-2.91e-11
3492,0,-2.77e-11
3493,0,-2.64e-11
3494,0,-2.5e-11
3495,0,-2.36e-11
3496,0,-2.22e-11
3497,0,-2.07e-11
3498,0,-1.92e-11
3499,0,-1.77e-11
3500,0,-1.62e-11
3501,0,-1.47e-11
3502,0,-1.32e-11
3503,0,-1.16e-11
3504,0,-1.01e-11
3505,0,-8.53e-12
3506,0,-6.95e-12
3507,0,-5.37e-12
3508,0,-3.79e-12
3509,0,-2.2e-12
3510,0,-6.12e-13
3511,0,9.78e-13
3512,0,2.57e-12
3513,0,4.16e-12
3514,0,5.74e-12
3515,0,7.32e-12
3516,0,8.89e-12
3517,0,1.05e-11
3518,0,1.2e-11
3519,0,1.35e-11
3520,0,1.51e-11
3521,0,1.66e-11
3522,0,1.81e-11
3523,0,1.96e-11
3524,0,2.1e-11
3525,0,2.25e-11
3526,0,2.39e-11
3527,0,2.53e-11
3528,0,2.67e-11
3529,0,2.81e-11
3530,0,2.94e-11
3531,0,3.07e-11
3532,0,3.2e-11
3533,0,3.32e-11
3534,0,3.44e-11
3535,0,3.56e-11
3536,0,3.67e-11
3537,0,3.79e-11
3538,0,3.89e-11
3539,0,4e-11
3540,0,4.1e-11
3541,0,4.2e-11
3542,0,4.29e-11
3543,0,4.38e-11
3544,0,4.46e-11
3545,0,4.54e-11
3546,0,4.62e-11
3547,0,4.69e-11
3548,0,4.76e-11
3549,0,4.83e-11
3550,0,4.88e-11
3551,0,4.94e-11
3552,0,4.99e-11
3553,0,5.03e-11
3554,0,5.08e-11
3555,0,5.11e-11
3556,0,5.14e-11
3557,0,5.17e-11
3558,0,5.19e-11
3559,0,5.21e-11
3560,0,5.22e-11
3561,0,5.23e-11
3562,0,5.23e-11
3563,0,5.23e-11
3564,0,5.22e-11
3565,0,5.21e-11
3566,0,5.19e-11
3567,0,5.17e-11
3568,0,5.15e-11
3569,0,5.12e-11
3570,0,5.08e-11
3571,0,5.04e-11
3572,0,4.99e-11
3573,0,4.94e-11
3574,0,4.89e-11
3575,0,4.83e-11
3576,0,4.77e-11
3577,0,4.7e-11
3578,0,4.63e-11
3579,0,4.55e-11
3580,0,4.47e-11
3581,0,4.39e-11
3582,0,4.3e-11
3583,0,4.21e-11
3584,0,4.11e-11
3585,0,4.01e-11
3586,0,3.91e-11
3587,0,3.8e-11
3588,0,3.69e-11
3589,0,3.57e-11
3590,0,3.45e-11
3591,0,3.33e-11
3592,0,3.21e-11
3593,0,3.08e-11
3594,0,2.95e-11
3595,0,2.82e-11
3596,0,2.68e-11
3597,0,2.55e-11
3598,0,2.41e-11
3599,0,2.26e-11
3600,0,2.12e-11
3601,0,1.97e-11
3602,0,1.83e-11
3603,0,1.68e-11
3604,0,1.52e-11
3605,0,1.37e-11
3606,0,1.22e-11
3607,0,1.06e-11
3608,0,9.06e-12
3609,0,7.49e-12
3610,0,5.91e-12
3611,0,4.33e-12
3612,0,2.74e-12
3613,0,1.15e-12
3614,0,-4.37e-13
3615,0,-2.03e-12
3616,0,-3.62e-12
3617,0,-5.2e-12
3618,0,-6.78e-12
3619,0,-8.35e-12
3620,0,-9.92e-12
3621,0,-1.15e-11
3622,0,-1.3e-11
3623,0,-1.46e-11
3624,0,-1.61e-11
3625,0,-1.76e-11
3626,0,-1.91e-11
3627,0,-2.05e-11
3628,0,-2.2e-11
3629,0,-2.34e-11
3630,0,-2.48e-11
3631,0,-2.62e-11
3632,0,-2.76e-11
3633,0,-2.89e-11
3634,0,-3.02e-11
3635,0,-3.15e-11
3636,0,-3.28e-11
3637,0,-3.4e-11
3638,0,-3.52e-11
3639,0,-3.64e-11
3640,0,-3.75e-11
3641,0,-3.86e-11
3642,0,-3.96e-11
3643,0,-4.06e-11
3644,0,-4.16e-11
3645,0,-4.26e-11
3646,0,-4.35e-11
3647,0,-4.43e-11
3648,0,-4.52e-11
3649,0,-4.59e-11
3650,0,-4.67e-11
3651,0,-4.74e-11
3652,0,-4.8e-11
3653,0,-4.86e-11
3654,0,-4.92e-11
3655,0,-4.97e-11
3656,0,-5.02e-11
3657,0,-5.06e-11
3658,0,-5.1e-11
3659,0,-5.13e-11
3660,0,-5.16e-11
3661,0,-5.18e-11
3662,0,-5.2e-11
3663,0,-5.22e-11
3664,0,-5.23e-11
3665,0,-5.23e-11
3666,0,-5.23e-11
3667,0,-5.22e-11
3668,0,-5.21e-11
3669,0,-5.2e-11
3670,0,-5.18e-11
3671,0,-5.16e-11
3672,0,-5.13e-11
3673,0,-5.09e-11
3674,0,-5.05e-11
3675,0,-5.01e-11
3676,0,-4.96e-11
3677,0,-4.91e-11
3678,0,-4.85e-11
3679,0,-4.79e-11
3680,0,-4.72e-11
3681,0,-4.65e-11
3682,0,-4.58e-11
3683,0,-4.5e-11
3684,0,-4.42e-11
3685,0,-4.33e-11
3686,0,-4.24e-11
3687,0,-4.14e-11
3688,0,-4.04e-11
3689,0,-3.94e-11
3690,0,-3.83e-11
3691,0,-3.72e-11
3692,0,-3.61e-11
3693,0,-3.49e-11
3694,0,-3.37e-11
3695,0,-3.25e-11
3696,0,-3.13e-11
3697,0,-3e-11
3698,0,-2.86e-11
3699,0,-2.73e-11
3700,0,-2.59e-11
3701,0,-2.45e-11
3702,0,-2.31e-11
3703,0,-2.17e-11
3704,0,-2.02e-11
3705,0,-1.88e-11
3706,0,-1.73e-11
3707,0,-1.58e-11
3708,0,-1.42e-11
3709,0,-1.27e-11
3710,0,-1.12e-11
3711,0,-9.59e-12
3712,0,-8.03e-12
3713,0,-6.45e-12
3714,0,-4.87e-12
3715,0,-3.29e-12
3716,0,-1.7e-12
3717,0,-1.08e-13
3718,0,1.48e-12
3719,0,3.07e-12
3720,0,4.66e-12
3721,0,6.24e-12
3722,0,7.81e-12
3723,0,9.38e-12
3724,0,1.09e-11
3725,0,1.25e-11
3726,0,1.4e-11
3727,0,1.56e-11
3728,0,1.71e-11
3729,0,1.86e-11
3730,0,2e-11
3731,0,2.15e-11
3732,0,2.29e-11
3733,0,2.44e-11
3734,0,2.57e-11
3735,0,2.71e-11
3736,0,2.85e-11
3737,0,2.98e-11
3738,0,3.11e-11
3739,0,3.23e-11
3740,0,3.36e-11
3741,0,3.48e-11
3742,0,3.6e-11
3743,0,3.71e-11
3744,0,3.82e-11
3745,0,3.93e-11
3746,0,4.03e-11
3747,0,4.13e-11
3748,0,4.22e-11
3749,0,4.32e-11
3750,0,4.4e-11
3751,0,4.49e-11
3752,0,4.57e-11
3753,0,4.64e-11
3754,0,4.71e-11
3755,0,4.78e-11
3756,0,4.84e-11
3757,0,4.9e-11
3758,0,4.95e-11
3759,0,5e-11
3760,0,5.05e-11
3761,0,5.09e-11
3762,0,5.12e-11
3763,0,5.15e-11
3764,0,5.18e-11
3765,0,5.2e-11
3766,0,5.21e-11
3767,0,5.22e-11
3768,0,5.23e-11
3769,0,5.23e-11
3770,0,5.23e-11
3771,0,5.22e-11
3772,0,5.2e-11
3773,0,5.19e-11
3774,0,5.16e-11
3775,0,5.14e-11
3776,0,5.1e-11
3777,0,5.07e-11
3778,0,5.02e-11
3779,0,4.98e-11
3780,0,4.93e-11
3781,0,4.87e-11
3782,0,4.81e-11
3783,0,4.75e-11
3784,0,4.68e-11
3785,0,4.6e-11
3786,0,4.53e-11
3787,0,4.44e-11
3788,0,4.36e-11
3789,0,4.27e-11
3790,0,4.18e-11
3791,0,4.08e-11
3792,0,3.98e-11
3793,0,3.87e-11
3794,0,3.76e-11
3795,0,3.65e-11
3796,0,3.53e-11
3797,0,3.42e-11
3798,0,3.29e-11
3799,0,3.17e-11
3800,0,3.04e-11
3801,0,2.91e-11
3802,0,2.78e-11
3803,0,2.64e-11
3804,0,2.5e-11
3805,0,2.36e-11
3806,0,2.22e-11
3807,0,2.07e-11
3808,0,1.93e-11
3809,0,1.78e-11
3810,0,1.63e-11
3811,0,1.48e-11
3812,0,1.32e-11
3813,0,1.17e-11
3814,0,1.01e-11
3815,0,8.57e-12
3816,0,7e-12
3817,0,5.42e-12
3818,0,3.83e-12
3819,0,2.25e-12
3820,0,6.57e-13
3821,0,-9.32e-13
3822,0,-2.52e-12
3823,0,-4.11e-12
3824,0,-5.69e-12
3825,0,-7.27e-12
3826,0,-8.84e-12
3827,0,-1.04e-11
3828,0,-1.2e-11
3829,0,-1.35e-11
3830,0,-1.5e-11
3831,0,-1.65e-11
3832,0,-1.8e-11
3833,0,-1.95e-11
3834,0,-2.1e-11
3835,0,-2.24e-11
3836,0,-2.39e-11
3837,0,-2.53e-11
3838,0,-2.66e-11
3839,0,-2.8e-11
3840,0,-2.93e-11
3841,0,-3.06e-11
3842,0,-3.19e-11
3843,0,-3.32e-11
3844,0,-3.44e-11
3845,0,-3.55e-11
3846,0,-3.67e-11
3847,0,-3.78e-11
3848,0,-3.89e-11
3849,0,-3.99e-11
3850,0,-4.09e-11
3851,0,-4.19e-11
3852,0,-4.28e-11
3853,0,-4.37e-11
3854,0,-4.46e-11
3855,0,-4.54e-11
3856,0,-4.62e-11
3857,0,-4.69e-11
3858,0,-4.76e-11
3859,0,-4.82e-11
3860,0,-4.88e-11
3861,0,-4.94e-11
3862,0,-4.99e-11
3863,0,-5.03e-11
3864,0,-5.07e-11
3865,0,-5.11e-11
3866,0,-5.14e-11
3867,0,-5.17e-11
3868,0,-5.19e-11
3869,0,-5.21e-11
3870,0,-5.22e-11
3871,0,-5.23e-11
3872,0,-5.23e-11
3873,0,-5.23e-11
3874,0,-5.22e-11
3875,0,-5.21e-11
3876,0,-5.19e-11
3877,0,-5.17e-11
3878,0,-5.15e-11
3879,0,-5.11e-11
3880,0,-5.08e-11
3881,0,-5.04e-11
3882,0,-4.99e-11
3883,0,-4.94e-11
3884,0,-4.89e-11
3885,0,-4.83e-11
3886,0,-4.77e-11
3887,0,-4.7e-11
3888,0,-4.63e-11
3889,0,-4.55e-11
3890,0,-4.47e-11
3891,0,-4.39e-11
3892,0,-4.3e-11
3893,0,-4.21e-11
3894,0,-4.11e-11
3895,0,-4.01e-11
3896,0,-3.91e-11
3897,0,-3.8e-11
3898,0,-3.69e-11
3899,0,-3.57e-11
3900,0,-3.46e-11
3901,0,-3.34e-11
3902,0,-3.21e-11
3903,0,-3.09e-11
3904,0,-2.96e-11
3905,0,-2.82e-11
3906,0,-2.69e-11
3907,0,-2.55e-11
3908,0,-2.41e-11
3909,0,-2.27e-11
3910,0,-2.12e-11
3911,0,-1.98e-11
3912,0,-1.83e-11
3913,0,-1.68e-11
3914,0,-1.53e-11
3915,0,-1.38e-11
3916,0,-1.22e-11
3917,0,-1.07e-11
3918,0,-9.11e-12
3919,0,-7.54e-12
3920,0,-5.97e-12
3921,0,-4.38e-12
3922,0,-2.8e-12
3923,0,-1.21e-12
3924,0,3.79e-13
3925,0,1.97e-12
3926,0,3.56e-12
3927,0,5.14e-12
3928,0,6.72e-12
3929,0,8.29e-12
3930,0,9.86e-12
3931,0,1.14e-11
3932,0,1.3e-11
3933,0,1.45e-11
3934,0,1.6e-11
3935,0,1.75e-11
3936,0,1.9e-11
3937,0,2.05e-11
3938,0,2.19e-11
3939,0,2.34e-11
3940,0,2.48e-11
3941,0,2.62e-11
3942,0,2.75e-11
3943,0,2.89e-11
3944,0,3.02e-11
3945,0,3.15e-11
3946,0,3.27e-11
3947,0,3.39e-11
3948,0,3.51e-11
3949,0,3.63e-11
3950,0,3.74e-11
3951,0,3.85e-11
3952,0,3.96e-11
3953,0,4.06e-11
3954,0,4.16e-11
3955,0,4.25e-11
3956,0,4.34e-11
3957,0,4.43e-11
3958,0,4.51e-11
3959,0,4.59e-11
3960,0,4.66e-11
3961,0,4.73e-11
3962,0,4.8e-11
3963,0,4.86e-11
3964,0,4.92e-11
3965,0,4.97e-11
3966,0,5.02e-11
3967,0,5.06e-11
3968,0,5.1e-11
3969,0,5.13e-11
3970,0,5.16e-11
3971,0,5.18e-11
3972,0,5.2e-11
3973,0,5.21e-11
3974,0,5.22e-11
3975,0,5.23e-11
3976,0,5.23e-11
3977,0,5.22e-11
3978,0,5.21e-11
3979,0,5.2e-11
3980,0,5.18e-11
3981,0,5.15e-11
3982,0,5.13e-11
3983,0,5.09e-11
3984,0,5.05e-11
3985,0,5.01e-11
3986,0,4.96e-11
3987,0,4.91e-11
3988,0,4.85e-11
3989,0,4.79e-11
3990,0,4.72e-11
3991,0,4.65e-11
3992,0,4.58e-11
3993,0,4.5e-11
3994,0,4.42e-11
3995,0,4.33e-11
3996,0,4.24e-11
3997,0,4.15e-11
3998,0,4.05e-11
3999,0,3.94e-11
4000,0,3.84e-11
4001,0,3.73e-11
4002,0,3.61e-11
4003,0,3.5e-11
4004,0,3.38e-11
4005,0,3.26e-11
4006,0,3.13e-11
4007,0,3e-11
4008,0,2.87e-11
4009,0,2.74e-11
4010,0,2.6e-11
4011,0,2.46e-11
4012,0,2.32e-11
4013,0,2.17e-11
4014,0,2.03e-11
4015,0,1.88e-11
4016,0,1.73e-11
4017,0,1.58e-11
4018,0,1.43e-11
4019,0,1.28e-11
4020,0,1.12e-11
4021,0,9.66e-12
4022,0,8.09e-12
4023,0,6.52e-12
4024,0,4.94e-12
4025,0,3.35e-12
4026,0,1.77e-12
4027,0,1.78e-13
4028,0,-1.41e-12
4029,0,-3e-12
4030,0,-4.58e-12
4031,0,-6.17e-12
4032,0,-7.74e-12
4033,0,-9.31e-12
4034,0,-1.09e-11
4035,0,-1.24e-11
4036,0,-1.4e-11
4037,0,-1.55e-11
4038,0,-1.7e-11
4039,0,-1.85e-11
4040,0,-2e-11
4041,0,-2.14e-11
4042,0,-2.29e-11
4043,0,-2.43e-11
4044,0,-2.57e-11
4045,0,-2.7e-11
4046,0,-2.84e-11
4047,0,-2.97e-11
4048,0,-3.1e-11
4049,0,-3.23e-11
4050,0,-3.35e-11
4051,0,-3.47e-11
4052,0,-3.59e-11
4053,0,-3.7e-11
4054,0,-3.81e-11
4055,0,-3.92e-11
4056,0,-4.02e-11
4057,0,-4.12e-11
4058,0,-4.22e-11
4059,0,-4.31e-11
4060,0,-4.4e-11
4061,0,-4.48e-11
4062,0,-4.56e-11
4063,0,-4.64e-11
4064,0,-4.71e-11
4065,0,-4.78e-11
4066,0,-4.84e-11
4067,0,-4.9e-11
4068,0,-4.95e-11
4069,0,-5e-11
4070,0,-5.04e-11
4071,0,-5.08e-11
4072,0,-5.12e-11
4073,0,-5.15e-11
4074,0,-5.17e-11
4075,0,-5.19e-11
4076,0,-5.21e-11
4077,0,-5.22e-11
4078,0,-5.23e-11
4079,0,-5.23e-11
4080,0,-5.22e-11
4081,0,-5.22e-11
4082,0,-5.2e-11
4083,0,-5.19e-11
4084,0,-5.16e-11
4085,0,-5.14e-11
4086,0,-5.1e-11
4087,0,-5.07e-11
4088,0,-5.02e-11
4089,0,-4.98e-11
4090,0,-4.93e-11
4091,0,-4.87e-11
4092,0,-4.81e-11
4093,0,-4.75e-11
4094,0,-4.68e-11
4095,0,-4.61e-11
4096,0,-4.53e-11
4097,0,-4.45e-11
4098,0,-4.36e-11
4099,0,-4.27e-11
4100,0,-4.18e-11
4101,0,-4.08e-11
4102,0,-3.98e-11
4103,0,-3.87e-11
4104,0,-3.77e-11
4105,0,-3.65e-11
4106,0,-3.54e-11
4107,0,-3.42e-11
4108,0,-3.3e-11
4109,0,-3.17e-11
4110,0,-3.05e-11
4111,0,-2.92e-11
4112,0,-2.78e-11
4113,0,-2.65e-11
4114,0,-2.51e-11
4115,0,-2.37e-11
4116,0,-2.23e-11
4117,0,-2.08e-11
4118,0,-1.93e-11
4119,0,-1.79e-11
4120,0,-1.64e-11
4121,0,-1.48e-11
4122,0,-1.33e-11
4123,0,-1.18e-11
4124,0,-1.02e-11
4125,0,-8.64e-12
4126,0,-7.07e-12
4127,0,-5.49e-12
4128,0,-3.91e-12
4129,0,-2.33e-12
4130,0,-7.37e-13
4131,0,8.52e-13
4132,0,2.44e-12
4133,0,4.03e-12
4134,0,5.61e-12
4135,0,7.19e-12
4136,0,8.76e-12
4137,0,1.03e-11
4138,0,1.19e-11
4139,0,1.34e-11
4140,0,1.49e-11
4141,0,1.65e-11
4142,0,1.8e-11
4143,0,1.94e-11
4144,0,2.09e-11
4145,0,2.24e-11
4146,0,2.38e-11
4147,0,2.52e-11
4148,0,2.66e-11
4149,0,2.79e-11
4150,0,2.93e-11
4151,0,3.06e-11
4152,0,3.18e-11
4153,0,3.31e-11
4154,0,3.43e-11
4155,0,3.55e-11
4156,0,3.66e-11
4157,0,3.77e-11
4158,0,3.88e-11
4159,0,3.99e-11
4160,0,4.09e-11
4161,0,4.19e-11
4162,0,4.28e-11
4163,0,4.37e-11
4164,0,4.45e-11
4165,0,4.53e-11
4166,0,4.61e-11
4167,0,4.68e-11
4168,0,4.75e-11
4169,0,4.82e-11
4170,0,4.88e-11
4171,0,4.93e-11
4172,0,4.98e-11
4173,0,5.03e-11
4174,0,5.07e-11
4175,0,5.11e-11
4176,0,5.14e-11
4177,0,5.16e-11
4178,0,5.19e-11
4179,0,5.2e-11
4180,0,5.22e-11
4181,0,5.22e-11
4182,0,5.23e-11
4183,0,5.23e-11
4184,0,5.22e-11
4185,0,5.21e-11
4186,0,5.19e-11
4187,0,5.17e-11
4188,0,5.15e-11
4189,0,5.11e-11
4190,0,5.08e-11
4191,0,5.04e-11
4192,0,4.99e-11
4193,0,4.95e-11
4194,0,4.89e-11
4195,0,4.83e-11
4196,0,4.77e-11
4197,0,4.7e-11
4198,0,4.63e-11
4199,0,4.56e-11
4200,0,4.48e-11
4201,0,4.39e-11
4202,0,4.3e-11
4203,0,4.21e-11
4204,0,4.12e-11
4205,0,4.02e-11
4206,0,3.91e-11
4207,0,3.8e-11
4208,0,3.69e-11
4209,0,3.58e-11
4210,0,3.46e-11
4211,0,3.34e-11
4212,0,3.22e-11
4213,0,3.09e-11
4214,0,2.96e-11
4215,0,2.83e-11
4216,0,2.69e-11
4217,0,2.56e-11
4218,0,2.42e-11
4219,0,2.28e-11
4220,0,2.13e-11
4221,0,1.99e-11
4222,0,1.84e-11
4223,0,1.69e-11
4224,0,1.54e-11
4225,0,1.38e-11
4226,0,1.23e-11
4227,0,1.08e-11
4228,0,9.2e-12
4229,0,7.63e-12
4230,0,6.05e-12
4231,0,4.47e-12
4232,0,2.89e-12
4233,0,1.3e-12
4234,0,-2.89e-13
4235,0,-1.88e-12
4236,0,-3.46e-12
4237,0,-5.05e-12
4238,0,-6.63e-12
4239,0,-8.2e-12
4240,0,-9.76e-12
4241,0,-1.13e-11
4242,0,-1.29e-11
4243,0,-1.44e-11
4244,0,-1.59e-11
4245,0,-1.74e-11
4246,0,-1.89e-11
4247,0,-2.04e-11
4248,0,-2.18e-11
4249,0,-2.33e-11
4250,0,-2.47e-11
4251,0,-2.61e-11
4252,0,-2.74e-11
4253,0,-2.88e-11
4254,0,-3.01e-11
4255,0,-3.14e-11
4256,0,-3.26e-11
4257,0,-3.39e-11
4258,0,-3.51e-11
4259,0,-3.62e-11
4260,0,-3.73e-11
4261,0,-3.84e-11
4262,0,-3.95e-11
4263,0,-4.05e-11
4264,0,-4.15e-11
4265,0,-4.25e-11
4266,0,-4.34e-11
4267,0,-4.42e-11
4268,0,-4.51e-11
4269,0,-4.58e-11
4270,0,-4.66e-11
4271,0,-4.73e-11
4272,0,-4.79e-11
4273,0,-4.85e-11
4274,0,-4.91e-11
4275,0,-4.96e-11
4276,0,-5.01e-11
4277,0,-5.05e-11
4278,0,-5.09e-11
4279,0,-5.13e-11
4280,0,-5.15e-11
4281,0,-5.18e-11
4282,0,-5.2e-11
4283,0,-5.21e-11
4284,0,-5.22e-11
4285,0,-5.23e-11
4286,0,-5.23e-11
4287,0,-5.22e-11
4288,0,-5.21e-11
4289,0,-5.2e-11
4290,0,-5.18e-11
4291,0,-5.15e-11
4292,0,-5.13e-11
4293,0,-5.09e-11
4294,0,-5.05e-11
4295,0,-5.01e-11
4296,0,-4.96e-11
4297,0,-4.91e-11
4298,0,-4.85e-11
4299,0,-4.79e-11
4300,0,-4.73e-11
4301,0,-4.66e-11
4302,0,-4.58e-11
4303,0,-4.5e-11
4304,0,-4.42e-11
4305,0,-4.34e-11
4306,0,-4.24e-11
4307,0,-4.15e-11
4308,0,-4.05e-11
4309,0,-3.95e-11
4310,0,-3.84e-11
4311,0,-3.73e-11
4312,0,-3.62e-11
4313,0,-3.5e-11
4314,0,-3.39e-11
4315,0,-3.26e-11
4316,0,-3.14e-11
4317,0,-3.01e-11
4318,0,-2.88e-11
4319,0,-2.74e-11
4320,0,-2.61e-11
4321,0,-2.47e-11
4322,0,-2.33e-11
4323,0,-2.18e-11
4324,0,-2.04e-11
4325,0,-1.89e-11
4326,0,-1.74e-11
4327,0,-1.59e-11
4328,0,-1.44e-11
4329,0,-1.29e-11
4330,0,-1.13e-11
4331,0,-9.75e-12
4332,0,-8.19e-12
4333,0,-6.61e-12
4334,0,-5.04e-12
4335,0,-3.45e-12
4336,0,-1.87e-12
4337,0,-2.77e-13
4338,0,1.31e-12
4339,0,2.9e-12
4340,0,4.48e-12
4341,0,6.06e-12
4342,0,7.64e-12
4343,0,9.21e-12
4344,0,1.08e-11
4345,0,1.23e-11
4346,0,1.39e-11
4347,0,1.54e-11
4348,0,1.69e-11
4349,0,1.84e-11
4350,0,1.99e-11
4351,0,2.13e-11
4352,0,2.28e-11
4353,0,2.42e-11
4354,0,2.56e-11
4355,0,2.7e-11
4356,0,2.83e-11
4357,0,2.96e-11
4358,0,3.09e-11
4359,0,3.22e-11
4360,0,3.34e-11
4361,0,3.46e-11
4362,0,3.58e-11
4363,0,3.69e-11
4364,0,3.81e-11
4365,0,3.91e-11
4366,0,4.02e-11
4367,0,4.12e-11
4368,0,4.21e-11
4369,0,4.3e-11
4370,0,4.39e-11
4371,0,4.48e-11
4372,0,4.56e-11
4373,0,4.63e-11
4374,0,4.7e-11
4375,0,4.77e-11
4376,0,4.83e-11
4377,0,4.89e-11
4378,0,4.95e-11
4379,0,4.99e-11
4380,0,5.04e-11
4381,0,5.08e-11
4382,0,5.11e-11
4383,0,5.14e-11
4384,0,5.17e-11
4385,0,5.19e-11
4386,0,5.21e-11
4387,0,5.22e-11
4388,0,5.23e-11
4389,0,5.23e-11
4390,0,5.22e-11
4391,0,5.22e-11
4392,0,5.2e-11
4393,0,5.19e-11
4394,0,5.16e-11
4395,0,5.14e-11
4396,0,5.1e-11
4397,0,5.07e-11
4398,0,5.03e-11
4399,0,4.98e-11
4400,0,4.93e-11
4401,0,4.87e-11
4402,0,4.82e-11
4403,0,4.75e-11
4404,0,4.68e-11
4405,0,4.61e-11
4406,0,4.53e-11
4407,0,4.45e-11
4408,0,4.37e-11
4409,0,4.28e-11
4410,0,4.18e-11
4411,0,4.09e-11
4412,0,3.99e-11
4413,0,3.88e-11
4414,0,3.77e-11
4415,0,3.66e-11
4416,0,3.55e-11
4417,0,3.43e-11
4418,0,3.31e-11
4419,0,3.18e-11
4420,0,3.05e-11
4421,0,2.92e-11
4422,0,2.79e-11
4423,0,2.66e-11
4424,0,2.52e-11
4425,0,2.38e-11
4426,0,2.23e-11
4427,0,2.09e-11
4428,0,1.94e-11
4429,0,1.79e-11
4430,0,1.64e-11
4431,0,1.49e-11
4432,0,1.34e-11
4433,0,1.19e-11
4434,0,1.03e-11
4435,0,8.75e-12
4436,0,7.18e-12
4437,0,5.6e-12
4438,0,4.02e-12
4439,0,2.43e-12
4440,0,8.45e-13
4441,0,-7.43e-13
4442,0,-2.33e-12
4443,0,-3.92e-12
4444,0,-5.5e-12
4445,0,-7.08e-12
4446,0,-8.65e-12
4447,0,-1.02e-11
4448,0,-1.18e-11
4449,0,-1.33e-11
4450,0,-1.48e-11
4451,0,-1.64e-11
4452,0,-1.79e-11
4453,0,-1.93e-11
4454,0,-2.08e-11
4455,0,-2.23e-11
4456,0,-2.37e-11
4457,0,-2.51e-11
4458,0,-2.65e-11
4459,0,-2.78e-11
4460,0,-2.92e-11
4461,0,-3.05e-11
4462,0,-3.17e-11
4463,0,-3.3e-11
4464,0,-3.42e-11
4465,0,-3.54e-11
4466,0,-3.65e-11
4467,0,-3.77e-11
4468,0,-3.87e-11
4469,0,-3.98e-11
4470,0,-4.08e-11
4471,0,-4.18e-11
4472,0,-4.27e-11
4473,0,-4.36e-11
4474,0,-4.45e-11
4475,0,-4.53e-11
4476,0,-4.6e-11
4477,0,-4.68e-11
4478,0,-4.75e-11
4479,0,-4.81e-11
4480,0,-4.87e-11
4481,0,-4.93e-11
4482,0,-4.98e-11
4483,0,-5.02e-11
4484,0,-5.06e-11
4485,0,-5.1e-11
4486,0,-5.13e-11
4487,0,-5.16e-11
4488,0,-5.18e-11
4489,0,-5.2e-11
4490,0,-5.21e-11
4491,0,-5.22e-11
4492,0,-5.23e-11
4493,0,-5.23e-11
4494,0,-5.22e-11
4495,0,-5.21e-11
4496,0,-5.19e-11
4497,0,-5.17e-11
4498,0,-5.15e-11
4499,0,-5.12e-11
4500,0,-5.08e-11
4501,0,-5.04e-11
4502,0,-5e-11
4503,0,-4.95e-11
4504,0,-4.89e-11
4505,0,-4.84e-11
4506,0,-4.77e-11
4507,0,-4.71e-11
4508,0,-4.64e-11
4509,0,-4.56e-11
4510,0,-4.48e-11
4511,0,-4.4e-11
4512,0,-4.31e-11
4513,0,-4.22e-11
4514,0,-4.12e-11
4515,0,-4.02e-11
4516,0,-3.92e-11
4517,0,-3.81e-11
4518,0,-3.7e-11
4519,0,-3.59e-11
4520,0,-3.47e-11
4521,0,-3.35e-11
4522,0,-3.23e-11
4523,0,-3.1e-11
4524,0,-2.97e-11
4525,0,-2.84e-11
4526,0,-2.7e-11
4527,0,-2.57e-11
4528,0,-2.43e-11
4529,0,-2.29e-11
4530,0,-2.14e-11
4531,0,-2e-11
4532,0,-1.85e-11
4533,0,-1.7e-11
4534,0,-1.55e-11
4535,0,-1.4e-11
4536,0,-1.24e-11
4537,0,-1.09e-11
4538,0,-9.31e-12
4539,0,-7.74e-12
4540,0,-6.17e-12
4541,0,-4.59e-12
4542,0,-3e-12
4543,0,-1.42e-12
4544,0,1.72e-13
4545,0,1.76e-12
4546,0,3.35e-12
4547,0,4.93e-12
4548,0,6.51e-12
4549,0,8.08e-12
4550,0,9.65e-12
4551,0,1.12e-11
4552,0,1.28e-11
4553,0,1.43e-11
4554,0,1.58e-11
4555,0,1.73e-11
4556,0,1.88e-11
4557,0,2.03e-11
4558,0,2.17e-11
4559,0,2.32e-11
4560,0,2.46e-11
4561,0,2.6e-11
4562,0,2.73e-11
4563,0,2.87e-11
4564,0,3e-11
4565,0,3.13e-11
4566,0,3.25e-11
4567,0,3.38e-11
4568,0,3.5e-11
4569,0,3.61e-11
4570,0,3.73e-11
4571,0,3.84e-11
4572,0,3.94e-11
4573,0,4.04e-11
4574,0,4.14e-11
4575,0,4.24e-11
4576,0,4.33e-11
4577,0,4.42e-11
4578,0,4.5e-11
4579,0,4.58e-11
4580,0,4.65e-11
4581,0,4.72e-11
4582,0,4.79e-11
4583,0,4.85e-11
4584,0,4.91e-11
4585,0,4.96e-11
4586,0,5.01e-11
4587,0,5.05e-11
4588,0,5.09e-11
4589,0,5.12e-11
4590,0,5.15e-11
4591,0,5.18e-11
4592,0,5.2e-11
4593,0,5.21e-11
4594,0,5.22e-11
4595,0,5.23e-11
4596,0,5.23e-11
4597,0,5.22e-11
4598,0,5.21e-11
4599,0,5.2e-11
4600,0,5.18e-11
4601,0,5.16e-11
4602,0,5.13e-11
4603,0,5.09e-11
4604,0,5.06e-11
4605,0,5.01e-11
4606,0,4.97e-11
4607,0,4.91e-11
4608,0,4.86e-11
4609,0,4.8e-11
4610,0,4.73e-11
4611,0,4.66e-11
4612,0,4.59e-11
4613,0,4.51e-11
4614,0,4.43e-11
4615,0,4.34e-11
4616,0,4.25e-11
4617,0,4.16e-11
4618,0,4.06e-11
4619,0,3.96e-11
4620,0,3.85e-11
4621,0,3.74e-11
4622,0,3.63e-11
4623,0,3.51e-11
4624,0,3.39e-11
4625,0,3.27e-11
4626,0,3.15e-11
4627,0,3.02e-11
4628,0,2.89e-11
4629,0,2.75e-11
4630,0,2.62e-11
4631,0,2.48e-11
4632,0,2.34e-11
4633,0,2.19e-11
4634,0,2.05e-11
4635,0,1.9e-11
4636,0,1.75e-11
4637,0,1.6e-11
4638,0,1.45e-11
4639,0,1.3e-11
4640,0,1.14e-11
4641,0,9.87e-12
4642,0,8.31e-12
4643,0,6.74e-12
4644,0,5.16e-12
4645,0,3.57e-12
4646,0,1.99e-12
4647,0,4.01e-13
4648,0,-1.19e-12
4649,0,-2.77e-12
4650,0,-4.36e-12
4651,0,-5.94e-12
4652,0,-7.52e-12
4653,0,-9.08e-12
4654,0,-1.06e-11
4655,0,-1.22e-11
4656,0,-1.37e-11
4657,0,-1.53e-11
4658,0,-1.68e-11
4659,0,-1.83e-11
4660,-99.99,-99.99
