"                simTime","               simFrame"
1.00E-02,2
2.00E-02,3
3.00E-02,4
4.00E-02,5
5.00E-02,6
6.00E-02,7
7.00E-02,8
8.00E-02,9
9.00E-02,10
1.00E-01,11
1.10E-01,12
1.20E-01,13
1.30E-01,14
1.40E-01,15
1.50E-01,16
1.60E-01,17
1.70E-01,18
1.80E-01,19
1.90E-01,20
2.00E-01,21
2.10E-01,22
2.20E-01,23
2.30E-01,24
2.40E-01,25
2.50E-01,26
2.60E-01,27
2.70E-01,28
2.80E-01,29
2.90E-01,30
3.00E-01,31
3.10E-01,32
3.20E-01,33
3.30E-01,34
3.40E-01,35
3.50E-01,36
3.60E-01,37
3.70E-01,38
3.80E-01,39
3.90E-01,40
4.00E-01,41
4.10E-01,42
4.20E-01,43
4.30E-01,44
4.40E-01,45
4.50E-01,46
4.60E-01,47
4.70E-01,48
4.80E-01,49
4.90E-01,50
5.00E-01,51
5.10E-01,52
5.20E-01,53
5.30E-01,54
5.40E-01,55
5.50E-01,56
5.60E-01,57
5.70E-01,58
5.80E-01,59
5.90E-01,60
6.00E-01,61
6.10E-01,62
6.20E-01,63
6.30E-01,64
6.40E-01,65
6.50E-01,66
6.60E-01,67
6.70E-01,68
6.80E-01,69
6.90E-01,70
7.00E-01,71
7.10E-01,72
7.20E-01,73
7.30E-01,74
7.40E-01,75
7.50E-01,76
7.60E-01,77
7.70E-01,78
7.80E-01,79
7.90E-01,80
8.00E-01,81
8.10E-01,82
8.20E-01,83
8.30E-01,84
8.40E-01,85
8.50E-01,86
8.60E-01,87
8.70E-01,88
8.80E-01,89
8.90E-01,90
9.00E-01,91
9.10E-01,92
9.20E-01,93
9.30E-01,94
9.40E-01,95
9.50E-01,96
9.60E-01,97
9.70E-01,98
9.80E-01,99
9.90E-01,100
1.00E+00,101
1.01E+00,102
1.02E+00,103
1.03E+00,104
1.04E+00,105
1.05E+00,106
1.06E+00,107
1.07E+00,108
1.08E+00,109
1.09E+00,110
1.10E+00,111
1.11E+00,112
1.12E+00,113
1.13E+00,114
1.14E+00,115
1.15E+00,116
1.16E+00,117
1.17E+00,118
1.18E+00,119
1.19E+00,120
1.20E+00,121
1.21E+00,122
1.22E+00,123
1.23E+00,124
1.24E+00,125
1.25E+00,126
1.26E+00,127
1.27E+00,128
1.28E+00,129
1.29E+00,130
1.30E+00,131
1.31E+00,132
1.32E+00,133
1.33E+00,134
1.34E+00,135
1.35E+00,136
1.36E+00,137
1.37E+00,138
1.38E+00,139
1.39E+00,140
1.40E+00,141
1.41E+00,142
1.42E+00,143
1.43E+00,144
1.44E+00,145
1.45E+00,146
1.46E+00,147
1.47E+00,148
1.48E+00,149
1.49E+00,150
1.50E+00,151
1.51E+00,152
1.52E+00,153
1.53E+00,154
1.54E+00,155
1.55E+00,156
1.56E+00,157
1.57E+00,158
1.58E+00,159
1.59E+00,160
1.60E+00,161
1.61E+00,162
1.62E+00,163
1.63E+00,164
1.64E+00,165
1.65E+00,166
1.66E+00,167
1.67E+00,168
1.68E+00,169
1.69E+00,170
1.70E+00,171
1.71E+00,172
1.72E+00,173
1.73E+00,174
1.74E+00,175
1.75E+00,176
1.76E+00,177
1.77E+00,178
1.78E+00,179
1.79E+00,180
1.80E+00,181
1.81E+00,182
1.82E+00,183
1.83E+00,184
1.84E+00,185
1.85E+00,186
1.86E+00,187
1.87E+00,188
1.88E+00,189
1.89E+00,190
1.90E+00,191
1.91E+00,192
1.92E+00,193
1.93E+00,194
1.94E+00,195
1.95E+00,196
1.96E+00,197
1.97E+00,198
1.98E+00,199
1.99E+00,200
2.00E+00,201
2.01E+00,202
2.02E+00,203
2.03E+00,204
2.04E+00,205
2.05E+00,206
2.06E+00,207
2.07E+00,208
2.08E+00,209
2.09E+00,210
2.10E+00,211
2.11E+00,212
2.12E+00,213
2.13E+00,214
2.14E+00,215
2.15E+00,216
2.16E+00,217
2.17E+00,218
2.18E+00,219
2.19E+00,220
2.20E+00,221
2.21E+00,222
2.22E+00,223
2.23E+00,224
2.24E+00,225
2.25E+00,226
2.26E+00,227
2.27E+00,228
2.28E+00,229
2.29E+00,230
2.30E+00,231
2.31E+00,232
2.32E+00,233
2.33E+00,234
2.34E+00,235
2.35E+00,236
2.36E+00,237
2.37E+00,238
2.38E+00,239
2.39E+00,240
2.40E+00,241
2.41E+00,242
2.42E+00,243
2.43E+00,244
2.44E+00,245
2.45E+00,246
2.46E+00,247
2.47E+00,248
2.48E+00,249
2.49E+00,250
2.50E+00,251
2.51E+00,252
2.52E+00,253
2.53E+00,254
2.54E+00,255
2.55E+00,256
2.56E+00,257
2.57E+00,258
2.58E+00,259
2.59E+00,260
2.60E+00,261
2.61E+00,262
2.62E+00,263
2.63E+00,264
2.64E+00,265
2.65E+00,266
2.66E+00,267
2.67E+00,268
2.68E+00,269
2.69E+00,270
2.70E+00,271
2.71E+00,272
2.72E+00,273
2.73E+00,274
2.74E+00,275
2.75E+00,276
2.76E+00,277
2.77E+00,278
2.78E+00,279
2.79E+00,280
2.80E+00,281
2.81E+00,282
2.82E+00,283
2.83E+00,284
2.84E+00,285
2.85E+00,286
2.86E+00,287
2.87E+00,288
2.88E+00,289
2.89E+00,290
2.90E+00,291
2.91E+00,292
2.92E+00,293
2.93E+00,294
2.94E+00,295
2.95E+00,296
2.96E+00,297
2.97E+00,298
2.98E+00,299
2.99E+00,300
3.00E+00,301
3.01E+00,302
3.02E+00,303
3.03E+00,304
3.04E+00,305
3.05E+00,306
3.06E+00,307
3.07E+00,308
3.08E+00,309
3.09E+00,310
3.10E+00,311
3.11E+00,312
3.12E+00,313
3.13E+00,314
3.14E+00,315
3.15E+00,316
3.16E+00,317
3.17E+00,318
3.18E+00,319
3.19E+00,320
3.20E+00,321
3.21E+00,322
3.22E+00,323
3.23E+00,324
3.24E+00,325
3.25E+00,326
3.26E+00,327
3.27E+00,328
3.28E+00,329
3.29E+00,330
3.30E+00,331
3.31E+00,332
3.32E+00,333
3.33E+00,334
3.34E+00,335
3.35E+00,336
3.36E+00,337
3.37E+00,338
3.38E+00,339
3.39E+00,340
3.40E+00,341
3.41E+00,342
3.42E+00,343
3.43E+00,344
3.44E+00,345
3.45E+00,346
3.46E+00,347
3.47E+00,348
3.48E+00,349
3.49E+00,350
3.50E+00,351
3.51E+00,352
3.52E+00,353
3.53E+00,354
3.54E+00,355
3.55E+00,356
3.56E+00,357
3.57E+00,358
3.58E+00,359
3.59E+00,360
3.60E+00,361
3.61E+00,362
3.62E+00,363
3.63E+00,364
3.64E+00,365
3.65E+00,366
3.66E+00,367
3.67E+00,368
3.68E+00,369
3.69E+00,370
3.70E+00,371
3.71E+00,372
3.72E+00,373
3.73E+00,374
3.74E+00,375
3.75E+00,376
3.76E+00,377
3.77E+00,378
3.78E+00,379
3.79E+00,380
3.80E+00,381
3.81E+00,382
3.82E+00,383
3.83E+00,384
3.84E+00,385
3.85E+00,386
3.86E+00,387
3.87E+00,388
3.88E+00,389
3.89E+00,390
3.90E+00,391
3.91E+00,392
3.92E+00,393
3.93E+00,394
3.94E+00,395
3.95E+00,396
3.96E+00,397
3.97E+00,398
3.98E+00,399
3.99E+00,400
4.00E+00,401
4.01E+00,402
4.02E+00,403
4.03E+00,404
4.04E+00,405
4.05E+00,406
4.06E+00,407
4.07E+00,408
4.08E+00,409
4.09E+00,410
4.10E+00,411
4.11E+00,412
4.12E+00,413
4.13E+00,414
4.14E+00,415
4.15E+00,416
4.16E+00,417
4.17E+00,418
4.18E+00,419
4.19E+00,420
4.20E+00,421
4.21E+00,422
4.22E+00,423
4.23E+00,424
4.24E+00,425
4.25E+00,426
4.26E+00,427
4.27E+00,428
4.28E+00,429
4.29E+00,430
4.30E+00,431
4.31E+00,432
4.32E+00,433
4.33E+00,434
4.34E+00,435
4.35E+00,436
4.36E+00,437
4.37E+00,438
4.38E+00,439
4.39E+00,440
4.40E+00,441
4.41E+00,442
4.42E+00,443
4.43E+00,444
4.44E+00,445
4.45E+00,446
4.46E+00,447
4.47E+00,448
4.48E+00,449
4.49E+00,450
4.50E+00,451
4.51E+00,452
4.52E+00,453
4.53E+00,454
4.54E+00,455
4.55E+00,456
4.56E+00,457
4.57E+00,458
4.58E+00,459
4.59E+00,460
4.60E+00,461
4.61E+00,462
4.62E+00,463
4.63E+00,464
4.64E+00,465
4.65E+00,466
4.66E+00,467
4.67E+00,468
4.68E+00,469
4.69E+00,470
4.70E+00,471
4.71E+00,472
4.72E+00,473
4.73E+00,474
4.74E+00,475
4.75E+00,476
4.76E+00,477
4.77E+00,478
4.78E+00,479
4.79E+00,480
4.80E+00,481
4.81E+00,482
4.82E+00,483
4.83E+00,484
4.84E+00,485
4.85E+00,486
4.86E+00,487
4.87E+00,488
4.88E+00,489
4.89E+00,490
4.90E+00,491
4.91E+00,492
4.92E+00,493
4.93E+00,494
4.94E+00,495
4.95E+00,496
4.96E+00,497
4.97E+00,498
4.98E+00,499
4.99E+00,500
5.00E+00,501
5.01E+00,502
5.02E+00,503
5.03E+00,504
5.04E+00,505
5.05E+00,506
5.06E+00,507
5.07E+00,508
5.08E+00,509
5.09E+00,510
5.10E+00,511
5.11E+00,512
5.12E+00,513
5.13E+00,514
5.14E+00,515
5.15E+00,516
5.16E+00,517
5.17E+00,518
5.18E+00,519
5.19E+00,520
5.20E+00,521
5.21E+00,522
5.22E+00,523
5.23E+00,524
5.24E+00,525
5.25E+00,526
5.26E+00,527
5.27E+00,528
5.28E+00,529
5.29E+00,530
5.30E+00,531
5.31E+00,532
5.32E+00,533
5.33E+00,534
5.34E+00,535
5.35E+00,536
5.36E+00,537
5.37E+00,538
5.38E+00,539
5.39E+00,540
5.40E+00,541
5.41E+00,542
5.42E+00,543
5.43E+00,544
5.44E+00,545
5.45E+00,546
5.46E+00,547
5.47E+00,548
5.48E+00,549
5.49E+00,550
5.50E+00,551
5.51E+00,552
5.52E+00,553
5.53E+00,554
5.54E+00,555
5.55E+00,556
5.56E+00,557
5.57E+00,558
5.58E+00,559
5.59E+00,560
5.60E+00,561
5.61E+00,562
5.62E+00,563
5.63E+00,564
5.64E+00,565
5.65E+00,566
5.66E+00,567
5.67E+00,568
5.68E+00,569
5.69E+00,570
5.70E+00,571
5.71E+00,572
5.72E+00,573
5.73E+00,574
5.74E+00,575
5.75E+00,576
5.76E+00,577
5.77E+00,578
5.78E+00,579
5.79E+00,580
5.80E+00,581
5.81E+00,582
5.82E+00,583
5.83E+00,584
5.84E+00,585
5.85E+00,586
5.86E+00,587
5.87E+00,588
5.88E+00,589
5.89E+00,590
5.90E+00,591
5.91E+00,592
5.92E+00,593
5.93E+00,594
5.94E+00,595
5.95E+00,596
5.96E+00,597
5.97E+00,598
5.98E+00,599
5.99E+00,600
6.00E+00,601
6.01E+00,602
6.02E+00,603
6.03E+00,604
6.04E+00,605
6.05E+00,606
6.06E+00,607
6.07E+00,608
6.08E+00,609
6.09E+00,610
6.10E+00,611
6.11E+00,612
6.12E+00,613
6.13E+00,614
6.14E+00,615
6.15E+00,616
6.16E+00,617
6.17E+00,618
6.18E+00,619
6.19E+00,620
6.20E+00,621
6.21E+00,622
6.22E+00,623
6.23E+00,624
6.24E+00,625
6.25E+00,626
6.26E+00,627
6.27E+00,628
6.28E+00,629
6.29E+00,630
6.30E+00,631
6.31E+00,632
6.32E+00,633
6.33E+00,634
6.34E+00,635
6.35E+00,636
6.36E+00,637
6.37E+00,638
6.38E+00,639
6.39E+00,640
6.40E+00,641
6.41E+00,642
6.42E+00,643
6.43E+00,644
6.44E+00,645
6.45E+00,646
6.46E+00,647
6.47E+00,648
6.48E+00,649
6.49E+00,650
6.50E+00,651
6.51E+00,652
6.52E+00,653
6.53E+00,654
6.54E+00,655
6.55E+00,656
6.56E+00,657
6.57E+00,658
6.58E+00,659
6.59E+00,660
6.60E+00,661
6.61E+00,662
6.62E+00,663
6.63E+00,664
6.64E+00,665
6.65E+00,666
6.66E+00,667
6.67E+00,668
6.68E+00,669
6.69E+00,670
6.70E+00,671
6.71E+00,672
6.72E+00,673
6.73E+00,674
6.74E+00,675
6.75E+00,676
6.76E+00,677
6.77E+00,678
6.78E+00,679
6.79E+00,680
6.80E+00,681
6.81E+00,682
6.82E+00,683
6.83E+00,684
6.84E+00,685
6.85E+00,686
6.86E+00,687
6.87E+00,688
6.88E+00,689
6.89E+00,690
6.90E+00,691
6.91E+00,692
6.92E+00,693
6.93E+00,694
6.94E+00,695
6.95E+00,696
6.96E+00,697
6.97E+00,698
6.98E+00,699
6.99E+00,700
7.00E+00,701
7.01E+00,702
7.02E+00,703
7.03E+00,704
7.04E+00,705
7.05E+00,706
7.06E+00,707
7.07E+00,708
7.08E+00,709
7.09E+00,710
7.10E+00,711
7.11E+00,712
7.12E+00,713
7.13E+00,714
7.14E+00,715
7.15E+00,716
7.16E+00,717
7.17E+00,718
7.18E+00,719
7.19E+00,720
7.20E+00,721
7.21E+00,722
7.22E+00,723
7.23E+00,724
7.24E+00,725
7.25E+00,726
7.26E+00,727
7.27E+00,728
7.28E+00,729
7.29E+00,730
7.30E+00,731
7.31E+00,732
7.32E+00,733
7.33E+00,734
7.34E+00,735
7.35E+00,736
7.36E+00,737
7.37E+00,738
7.38E+00,739
7.39E+00,740
7.40E+00,741
7.41E+00,742
7.42E+00,743
7.43E+00,744
7.44E+00,745
7.45E+00,746
7.46E+00,747
7.47E+00,748
7.48E+00,749
7.49E+00,750
7.50E+00,751
7.51E+00,752
7.52E+00,753
7.53E+00,754
7.54E+00,755
7.55E+00,756
7.56E+00,757
7.57E+00,758
7.58E+00,759
7.59E+00,760
7.60E+00,761
7.61E+00,762
7.62E+00,763
7.63E+00,764
7.64E+00,765
7.65E+00,766
7.66E+00,767
7.67E+00,768
7.68E+00,769
7.69E+00,770
7.70E+00,771
7.71E+00,772
7.72E+00,773
7.73E+00,774
7.74E+00,775
7.75E+00,776
7.76E+00,777
7.77E+00,778
7.78E+00,779
7.79E+00,780
7.80E+00,781
7.81E+00,782
7.82E+00,783
7.83E+00,784
7.84E+00,785
7.85E+00,786
7.86E+00,787
7.87E+00,788
7.88E+00,789
7.89E+00,790
7.90E+00,791
7.91E+00,792
7.92E+00,793
7.93E+00,794
7.94E+00,795
7.95E+00,796
7.96E+00,797
7.97E+00,798
7.98E+00,799
7.99E+00,800
8.00E+00,801
8.01E+00,802
8.02E+00,803
8.03E+00,804
8.04E+00,805
8.05E+00,806
8.06E+00,807
8.07E+00,808
8.08E+00,809
8.09E+00,810
8.10E+00,811
8.11E+00,812
8.12E+00,813
8.13E+00,814
8.14E+00,815
8.15E+00,816
8.16E+00,817
8.17E+00,818
8.18E+00,819
8.19E+00,820
8.20E+00,821
8.21E+00,822
8.22E+00,823
8.23E+00,824
8.24E+00,825
8.25E+00,826
8.26E+00,827
8.27E+00,828
8.28E+00,829
8.29E+00,830
8.30E+00,831
8.31E+00,832
8.32E+00,833
8.33E+00,834
8.34E+00,835
8.35E+00,836
8.36E+00,837
8.37E+00,838
8.38E+00,839
8.39E+00,840
8.40E+00,841
8.41E+00,842
8.42E+00,843
8.43E+00,844
8.44E+00,845
8.45E+00,846
8.46E+00,847
8.47E+00,848
8.48E+00,849
8.49E+00,850
8.50E+00,851
8.51E+00,852
8.52E+00,853
8.53E+00,854
8.54E+00,855
8.55E+00,856
8.56E+00,857
8.57E+00,858
8.58E+00,859
8.59E+00,860
8.60E+00,861
8.61E+00,862
8.62E+00,863
8.63E+00,864
8.64E+00,865
8.65E+00,866
8.66E+00,867
8.67E+00,868
8.68E+00,869
8.69E+00,870
8.70E+00,871
8.71E+00,872
8.72E+00,873
8.73E+00,874
8.74E+00,875
8.75E+00,876
8.76E+00,877
8.77E+00,878
8.78E+00,879
8.79E+00,880
8.80E+00,881
8.81E+00,882
8.82E+00,883
8.83E+00,884
8.84E+00,885
8.85E+00,886
8.86E+00,887
8.87E+00,888
8.88E+00,889
8.89E+00,890
8.90E+00,891
8.91E+00,892
8.92E+00,893
8.93E+00,894
8.94E+00,895
8.95E+00,896
8.96E+00,897
8.97E+00,898
8.98E+00,899
8.99E+00,900
9.00E+00,901
9.01E+00,902
9.02E+00,903
9.03E+00,904
9.04E+00,905
9.05E+00,906
9.06E+00,907
9.07E+00,908
9.08E+00,909
9.09E+00,910
9.10E+00,911
9.11E+00,912
9.12E+00,913
9.13E+00,914
9.14E+00,915
9.15E+00,916
9.16E+00,917
9.17E+00,918
9.18E+00,919
9.19E+00,920
9.20E+00,921
9.21E+00,922
9.22E+00,923
9.23E+00,924
9.24E+00,925
9.25E+00,926
9.26E+00,927
9.27E+00,928
9.28E+00,929
9.29E+00,930
9.30E+00,931
9.31E+00,932
9.32E+00,933
9.33E+00,934
9.34E+00,935
9.35E+00,936
9.36E+00,937
9.37E+00,938
9.38E+00,939
9.39E+00,940
9.40E+00,941
9.41E+00,942
9.42E+00,943
9.43E+00,944
9.44E+00,945
9.45E+00,946
9.46E+00,947
9.47E+00,948
9.48E+00,949
9.49E+00,950
9.50E+00,951
9.51E+00,952
9.52E+00,953
9.53E+00,954
9.54E+00,955
9.55E+00,956
9.56E+00,957
9.57E+00,958
9.58E+00,959
9.59E+00,960
9.60E+00,961
9.61E+00,962
9.62E+00,963
9.63E+00,964
9.64E+00,965
9.65E+00,966
9.66E+00,967
9.67E+00,968
9.68E+00,969
9.69E+00,970
9.70E+00,971
9.71E+00,972
9.72E+00,973
9.73E+00,974
9.74E+00,975
9.75E+00,976
9.76E+00,977
9.77E+00,978
9.78E+00,979
9.79E+00,980
9.80E+00,981
9.81E+00,982
9.82E+00,983
9.83E+00,984
9.84E+00,985
9.85E+00,986
9.86E+00,987
9.87E+00,988
9.88E+00,989
9.89E+00,990
9.90E+00,991
9.91E+00,992
9.92E+00,993
9.93E+00,994
9.94E+00,995
9.95E+00,996
9.96E+00,997
9.97E+00,998
9.98E+00,999
9.99E+00,1000
1.00E+01,1001
1.00E+01,1002
1.00E+01,1003
1.00E+01,1004
1.00E+01,1005
1.00E+01,1006
1.01E+01,1007
1.01E+01,1008
1.01E+01,1009
1.01E+01,1010
1.01E+01,1011
1.01E+01,1012
1.01E+01,1013
1.01E+01,1014
1.01E+01,1015
1.01E+01,1016
1.02E+01,1017
1.02E+01,1018
1.02E+01,1019
1.02E+01,1020
1.02E+01,1021
1.02E+01,1022
1.02E+01,1023
1.02E+01,1024
1.02E+01,1025
1.02E+01,1026
1.03E+01,1027
1.03E+01,1028
1.03E+01,1029
1.03E+01,1030
1.03E+01,1031
1.03E+01,1032
1.03E+01,1033
1.03E+01,1034
1.03E+01,1035
1.03E+01,1036
1.04E+01,1037
1.04E+01,1038
1.04E+01,1039
1.04E+01,1040
1.04E+01,1041
1.04E+01,1042
1.04E+01,1043
1.04E+01,1044
1.04E+01,1045
1.04E+01,1046
1.05E+01,1047
1.05E+01,1048
1.05E+01,1049
1.05E+01,1050
1.05E+01,1051
1.05E+01,1052
1.05E+01,1053
1.05E+01,1054
1.05E+01,1055
1.05E+01,1056
1.06E+01,1057
1.06E+01,1058
1.06E+01,1059
1.06E+01,1060
1.06E+01,1061
1.06E+01,1062
1.06E+01,1063
1.06E+01,1064
1.06E+01,1065
1.06E+01,1066
1.07E+01,1067
1.07E+01,1068
1.07E+01,1069
1.07E+01,1070
1.07E+01,1071
1.07E+01,1072
1.07E+01,1073
1.07E+01,1074
1.07E+01,1075
1.07E+01,1076
1.08E+01,1077
1.08E+01,1078
1.08E+01,1079
1.08E+01,1080
1.08E+01,1081
1.08E+01,1082
1.08E+01,1083
1.08E+01,1084
1.08E+01,1085
1.08E+01,1086
1.09E+01,1087
1.09E+01,1088
1.09E+01,1089
1.09E+01,1090
1.09E+01,1091
1.09E+01,1092
1.09E+01,1093
1.09E+01,1094
1.09E+01,1095
1.09E+01,1096
1.10E+01,1097
1.10E+01,1098
1.10E+01,1099
1.10E+01,1100
1.10E+01,1101
1.10E+01,1102
1.10E+01,1103
1.10E+01,1104
1.10E+01,1105
1.10E+01,1106
1.11E+01,1107
1.11E+01,1108
1.11E+01,1109
1.11E+01,1110
1.11E+01,1111
1.11E+01,1112
1.11E+01,1113
1.11E+01,1114
1.11E+01,1115
1.11E+01,1116
1.12E+01,1117
1.12E+01,1118
1.12E+01,1119
1.12E+01,1120
1.12E+01,1121
1.12E+01,1122
1.12E+01,1123
1.12E+01,1124
1.12E+01,1125
1.12E+01,1126
1.13E+01,1127
1.13E+01,1128
1.13E+01,1129
1.13E+01,1130
1.13E+01,1131
1.13E+01,1132
1.13E+01,1133
1.13E+01,1134
1.13E+01,1135
1.13E+01,1136
1.14E+01,1137
1.14E+01,1138
1.14E+01,1139
1.14E+01,1140
1.14E+01,1141
1.14E+01,1142
1.14E+01,1143
1.14E+01,1144
1.14E+01,1145
1.14E+01,1146
1.15E+01,1147
1.15E+01,1148
1.15E+01,1149
1.15E+01,1150
1.15E+01,1151
1.15E+01,1152
1.15E+01,1153
1.15E+01,1154
1.15E+01,1155
1.15E+01,1156
1.16E+01,1157
1.16E+01,1158
1.16E+01,1159
1.16E+01,1160
1.16E+01,1161
1.16E+01,1162
1.16E+01,1163
1.16E+01,1164
1.16E+01,1165
1.16E+01,1166
1.17E+01,1167
1.17E+01,1168
1.17E+01,1169
1.17E+01,1170
1.17E+01,1171
1.17E+01,1172
1.17E+01,1173
1.17E+01,1174
1.17E+01,1175
1.17E+01,1176
1.18E+01,1177
1.18E+01,1178
1.18E+01,1179
1.18E+01,1180
1.18E+01,1181
1.18E+01,1182
1.18E+01,1183
1.18E+01,1184
1.18E+01,1185
1.18E+01,1186
1.19E+01,1187
1.19E+01,1188
1.19E+01,1189
1.19E+01,1190
1.19E+01,1191
1.19E+01,1192
1.19E+01,1193
1.19E+01,1194
1.19E+01,1195
1.19E+01,1196
1.20E+01,1197
1.20E+01,1198
1.20E+01,1199
1.20E+01,1200
1.20E+01,1201
1.20E+01,1202
1.20E+01,1203
1.20E+01,1204
1.20E+01,1205
1.20E+01,1206
1.21E+01,1207
1.21E+01,1208
1.21E+01,1209
1.21E+01,1210
1.21E+01,1211
1.21E+01,1212
1.21E+01,1213
1.21E+01,1214
1.21E+01,1215
1.21E+01,1216
1.22E+01,1217
1.22E+01,1218
1.22E+01,1219
1.22E+01,1220
1.22E+01,1221
1.22E+01,1222
1.22E+01,1223
1.22E+01,1224
1.22E+01,1225
1.22E+01,1226
1.23E+01,1227
1.23E+01,1228
1.23E+01,1229
1.23E+01,1230
1.23E+01,1231
1.23E+01,1232
1.23E+01,1233
1.23E+01,1234
1.23E+01,1235
1.23E+01,1236
1.24E+01,1237
1.24E+01,1238
1.24E+01,1239
1.24E+01,1240
1.24E+01,1241
1.24E+01,1242
1.24E+01,1243
1.24E+01,1244
1.24E+01,1245
1.24E+01,1246
1.25E+01,1247
1.25E+01,1248
1.25E+01,1249
1.25E+01,1250
1.25E+01,1251
1.25E+01,1252
1.25E+01,1253
1.25E+01,1254
1.25E+01,1255
1.25E+01,1256
1.26E+01,1257
1.26E+01,1258
1.26E+01,1259
1.26E+01,1260
1.26E+01,1261
1.26E+01,1262
1.26E+01,1263
1.26E+01,1264
1.26E+01,1265
1.26E+01,1266
1.27E+01,1267
1.27E+01,1268
1.27E+01,1269
1.27E+01,1270
1.27E+01,1271
1.27E+01,1272
1.27E+01,1273
1.27E+01,1274
1.27E+01,1275
1.27E+01,1276
1.28E+01,1277
1.28E+01,1278
1.28E+01,1279
1.28E+01,1280
1.28E+01,1281
1.28E+01,1282
1.28E+01,1283
1.28E+01,1284
1.28E+01,1285
1.28E+01,1286
1.29E+01,1287
1.29E+01,1288
1.29E+01,1289
1.29E+01,1290
1.29E+01,1291
1.29E+01,1292
1.29E+01,1293
1.29E+01,1294
1.29E+01,1295
1.29E+01,1296
1.30E+01,1297
1.30E+01,1298
1.30E+01,1299
1.30E+01,1300
1.30E+01,1301
1.30E+01,1302
1.30E+01,1303
1.30E+01,1304
1.30E+01,1305
1.30E+01,1306
1.31E+01,1307
1.31E+01,1308
1.31E+01,1309
1.31E+01,1310
1.31E+01,1311
1.31E+01,1312
1.31E+01,1313
1.31E+01,1314
1.31E+01,1315
1.31E+01,1316
1.32E+01,1317
1.32E+01,1318
1.32E+01,1319
1.32E+01,1320
1.32E+01,1321
1.32E+01,1322
1.32E+01,1323
1.32E+01,1324
1.32E+01,1325
1.32E+01,1326
1.33E+01,1327
1.33E+01,1328
1.33E+01,1329
1.33E+01,1330
1.33E+01,1331
1.33E+01,1332
1.33E+01,1333
1.33E+01,1334
1.33E+01,1335
1.33E+01,1336
1.34E+01,1337
1.34E+01,1338
1.34E+01,1339
1.34E+01,1340
1.34E+01,1341
1.34E+01,1342
1.34E+01,1343
1.34E+01,1344
1.34E+01,1345
1.34E+01,1346
1.35E+01,1347
1.35E+01,1348
1.35E+01,1349
1.35E+01,1350
1.35E+01,1351
1.35E+01,1352
1.35E+01,1353
1.35E+01,1354
1.35E+01,1355
1.35E+01,1356
1.36E+01,1357
1.36E+01,1358
1.36E+01,1359
1.36E+01,1360
1.36E+01,1361
1.36E+01,1362
1.36E+01,1363
1.36E+01,1364
1.36E+01,1365
1.36E+01,1366
1.37E+01,1367
1.37E+01,1368
1.37E+01,1369
1.37E+01,1370
1.37E+01,1371
1.37E+01,1372
1.37E+01,1373
1.37E+01,1374
1.37E+01,1375
1.37E+01,1376
1.38E+01,1377
1.38E+01,1378
1.38E+01,1379
1.38E+01,1380
1.38E+01,1381
1.38E+01,1382
1.38E+01,1383
1.38E+01,1384
1.38E+01,1385
1.38E+01,1386
1.39E+01,1387
1.39E+01,1388
1.39E+01,1389
1.39E+01,1390
1.39E+01,1391
1.39E+01,1392
1.39E+01,1393
1.39E+01,1394
1.39E+01,1395
1.39E+01,1396
1.40E+01,1397
1.40E+01,1398
1.40E+01,1399
1.40E+01,1400
1.40E+01,1401
1.40E+01,1402
1.40E+01,1403
1.40E+01,1404
1.40E+01,1405
1.40E+01,1406
1.41E+01,1407
1.41E+01,1408
1.41E+01,1409
1.41E+01,1410
1.41E+01,1411
1.41E+01,1412
1.41E+01,1413
1.41E+01,1414
1.41E+01,1415
1.41E+01,1416
1.42E+01,1417
1.42E+01,1418
1.42E+01,1419
1.42E+01,1420
1.42E+01,1421
1.42E+01,1422
1.42E+01,1423
1.42E+01,1424
1.42E+01,1425
1.42E+01,1426
1.43E+01,1427
1.43E+01,1428
1.43E+01,1429
1.43E+01,1430
1.43E+01,1431
1.43E+01,1432
1.43E+01,1433
1.43E+01,1434
1.43E+01,1435
1.43E+01,1436
1.44E+01,1437
1.44E+01,1438
1.44E+01,1439
1.44E+01,1440
1.44E+01,1441
1.44E+01,1442
1.44E+01,1443
1.44E+01,1444
1.44E+01,1445
1.44E+01,1446
1.45E+01,1447
1.45E+01,1448
1.45E+01,1449
1.45E+01,1450
1.45E+01,1451
1.45E+01,1452
1.45E+01,1453
1.45E+01,1454
1.45E+01,1455
1.45E+01,1456
1.46E+01,1457
1.46E+01,1458
1.46E+01,1459
1.46E+01,1460
1.46E+01,1461
1.46E+01,1462
1.46E+01,1463
1.46E+01,1464
1.46E+01,1465
1.46E+01,1466
1.47E+01,1467
1.47E+01,1468
1.47E+01,1469
1.47E+01,1470
1.47E+01,1471
1.47E+01,1472
1.47E+01,1473
1.47E+01,1474
1.47E+01,1475
1.47E+01,1476
1.48E+01,1477
1.48E+01,1478
1.48E+01,1479
1.48E+01,1480
1.48E+01,1481
1.48E+01,1482
1.48E+01,1483
1.48E+01,1484
1.48E+01,1485
1.48E+01,1486
1.49E+01,1487
1.49E+01,1488
1.49E+01,1489
1.49E+01,1490
1.49E+01,1491
1.49E+01,1492
1.49E+01,1493
1.49E+01,1494
1.49E+01,1495
1.49E+01,1496
1.50E+01,1497
1.50E+01,1498
1.50E+01,1499
1.50E+01,1500
1.50E+01,1501
1.50E+01,1502
1.50E+01,1503
1.50E+01,1504
1.50E+01,1505
1.50E+01,1506
1.51E+01,1507
1.51E+01,1508
1.51E+01,1509
1.51E+01,1510
1.51E+01,1511
1.51E+01,1512
1.51E+01,1513
1.51E+01,1514
1.51E+01,1515
1.51E+01,1516
1.52E+01,1517
1.52E+01,1518
1.52E+01,1519
1.52E+01,1520
1.52E+01,1521
1.52E+01,1522
1.52E+01,1523
1.52E+01,1524
1.52E+01,1525
1.52E+01,1526
1.53E+01,1527
1.53E+01,1528
1.53E+01,1529
1.53E+01,1530
1.53E+01,1531
1.53E+01,1532
1.53E+01,1533
1.53E+01,1534
1.53E+01,1535
1.53E+01,1536
1.54E+01,1537
1.54E+01,1538
1.54E+01,1539
1.54E+01,1540
1.54E+01,1541
1.54E+01,1542
1.54E+01,1543
1.54E+01,1544
1.54E+01,1545
1.54E+01,1546
1.55E+01,1547
1.55E+01,1548
1.55E+01,1549
1.55E+01,1550
1.55E+01,1551
1.55E+01,1552
1.55E+01,1553
1.55E+01,1554
1.55E+01,1555
1.55E+01,1556
1.56E+01,1557
1.56E+01,1558
1.56E+01,1559
1.56E+01,1560
1.56E+01,1561
1.56E+01,1562
1.56E+01,1563
1.56E+01,1564
1.56E+01,1565
1.56E+01,1566
1.57E+01,1567
1.57E+01,1568
1.57E+01,1569
1.57E+01,1570
1.57E+01,1571
1.57E+01,1572
1.57E+01,1573
1.57E+01,1574
1.57E+01,1575
1.57E+01,1576
1.58E+01,1577
1.58E+01,1578
1.58E+01,1579
1.58E+01,1580
1.58E+01,1581
1.58E+01,1582
1.58E+01,1583
1.58E+01,1584
1.58E+01,1585
1.58E+01,1586
1.59E+01,1587
1.59E+01,1588
1.59E+01,1589
1.59E+01,1590
1.59E+01,1591
1.59E+01,1592
1.59E+01,1593
1.59E+01,1594
1.59E+01,1595
1.59E+01,1596
1.60E+01,1597
1.60E+01,1598
1.60E+01,1599
1.60E+01,1600
1.60E+01,1601
1.60E+01,1602
1.60E+01,1603
1.60E+01,1604
1.60E+01,1605
1.60E+01,1606
1.61E+01,1607
1.61E+01,1608
1.61E+01,1609
1.61E+01,1610
1.61E+01,1611
1.61E+01,1612
1.61E+01,1613
1.61E+01,1614
1.61E+01,1615
1.61E+01,1616
1.62E+01,1617
1.62E+01,1618
1.62E+01,1619
1.62E+01,1620
1.62E+01,1621
1.62E+01,1622
1.62E+01,1623
1.62E+01,1624
1.62E+01,1625
1.62E+01,1626
1.63E+01,1627
1.63E+01,1628
1.63E+01,1629
1.63E+01,1630
1.63E+01,1631
1.63E+01,1632
1.63E+01,1633
1.63E+01,1634
1.63E+01,1635
1.63E+01,1636
1.64E+01,1637
1.64E+01,1638
1.64E+01,1639
1.64E+01,1640
1.64E+01,1641
1.64E+01,1642
1.64E+01,1643
1.64E+01,1644
1.64E+01,1645
1.64E+01,1646
1.65E+01,1647
1.65E+01,1648
1.65E+01,1649
1.65E+01,1650
1.65E+01,1651
1.65E+01,1652
1.65E+01,1653
1.65E+01,1654
1.65E+01,1655
1.65E+01,1656
1.66E+01,1657
1.66E+01,1658
1.66E+01,1659
1.66E+01,1660
1.66E+01,1661
1.66E+01,1662
1.66E+01,1663
1.66E+01,1664
1.66E+01,1665
1.66E+01,1666
1.67E+01,1667
1.67E+01,1668
1.67E+01,1669
1.67E+01,1670
1.67E+01,1671
1.67E+01,1672
1.67E+01,1673
1.67E+01,1674
1.67E+01,1675
1.67E+01,1676
1.68E+01,1677
1.68E+01,1678
1.68E+01,1679
1.68E+01,1680
1.68E+01,1681
1.68E+01,1682
1.68E+01,1683
1.68E+01,1684
1.68E+01,1685
1.68E+01,1686
1.69E+01,1687
1.69E+01,1688
1.69E+01,1689
1.69E+01,1690
1.69E+01,1691
1.69E+01,1692
1.69E+01,1693
1.69E+01,1694
1.69E+01,1695
1.69E+01,1696
1.70E+01,1697
1.70E+01,1698
1.70E+01,1699
1.70E+01,1700
1.70E+01,1701
1.70E+01,1702
1.70E+01,1703
1.70E+01,1704
1.70E+01,1705
1.70E+01,1706
1.71E+01,1707
1.71E+01,1708
1.71E+01,1709
1.71E+01,1710
1.71E+01,1711
1.71E+01,1712
1.71E+01,1713
1.71E+01,1714
1.71E+01,1715
1.71E+01,1716
1.72E+01,1717
1.72E+01,1718
1.72E+01,1719
1.72E+01,1720
1.72E+01,1721
1.72E+01,1722
1.72E+01,1723
1.72E+01,1724
1.72E+01,1725
1.72E+01,1726
1.73E+01,1727
1.73E+01,1728
1.73E+01,1729
1.73E+01,1730
1.73E+01,1731
1.73E+01,1732
1.73E+01,1733
1.73E+01,1734
1.73E+01,1735
1.73E+01,1736
1.74E+01,1737
1.74E+01,1738
1.74E+01,1739
1.74E+01,1740
1.74E+01,1741
1.74E+01,1742
1.74E+01,1743
1.74E+01,1744
1.74E+01,1745
1.74E+01,1746
1.75E+01,1747
1.75E+01,1748
1.75E+01,1749
1.75E+01,1750
1.75E+01,1751
1.75E+01,1752
1.75E+01,1753
1.75E+01,1754
1.75E+01,1755
1.75E+01,1756
1.76E+01,1757
1.76E+01,1758
1.76E+01,1759
1.76E+01,1760
1.76E+01,1761
1.76E+01,1762
1.76E+01,1763
1.76E+01,1764
1.76E+01,1765
1.76E+01,1766
1.77E+01,1767
1.77E+01,1768
1.77E+01,1769
1.77E+01,1770
1.77E+01,1771
1.77E+01,1772
1.77E+01,1773
1.77E+01,1774
1.77E+01,1775
1.77E+01,1776
1.78E+01,1777
1.78E+01,1778
1.78E+01,1779
1.78E+01,1780
1.78E+01,1781
1.78E+01,1782
1.78E+01,1783
1.78E+01,1784
1.78E+01,1785
1.78E+01,1786
1.79E+01,1787
1.79E+01,1788
1.79E+01,1789
1.79E+01,1790
1.79E+01,1791
1.79E+01,1792
1.79E+01,1793
1.79E+01,1794
1.79E+01,1795
1.79E+01,1796
1.80E+01,1797
1.80E+01,1798
1.80E+01,1799
1.80E+01,1800
1.80E+01,1801
1.80E+01,1802
1.80E+01,1803
1.80E+01,1804
1.80E+01,1805
1.80E+01,1806
1.81E+01,1807
1.81E+01,1808
1.81E+01,1809
1.81E+01,1810
1.81E+01,1811
1.81E+01,1812
1.81E+01,1813
1.81E+01,1814
1.81E+01,1815
1.81E+01,1816
1.82E+01,1817
1.82E+01,1818
1.82E+01,1819
1.82E+01,1820
1.82E+01,1821
1.82E+01,1822
1.82E+01,1823
1.82E+01,1824
1.82E+01,1825
1.82E+01,1826
1.83E+01,1827
1.83E+01,1828
1.83E+01,1829
1.83E+01,1830
1.83E+01,1831
1.83E+01,1832
1.83E+01,1833
1.83E+01,1834
1.83E+01,1835
1.83E+01,1836
1.84E+01,1837
1.84E+01,1838
1.84E+01,1839
1.84E+01,1840
1.84E+01,1841
1.84E+01,1842
1.84E+01,1843
1.84E+01,1844
1.84E+01,1845
1.84E+01,1846
1.85E+01,1847
1.85E+01,1848
1.85E+01,1849
1.85E+01,1850
1.85E+01,1851
1.85E+01,1852
1.85E+01,1853
1.85E+01,1854
1.85E+01,1855
1.85E+01,1856
1.86E+01,1857
1.86E+01,1858
1.86E+01,1859
1.86E+01,1860
1.86E+01,1861
1.86E+01,1862
1.86E+01,1863
1.86E+01,1864
1.86E+01,1865
1.86E+01,1866
1.87E+01,1867
1.87E+01,1868
1.87E+01,1869
1.87E+01,1870
1.87E+01,1871
1.87E+01,1872
1.87E+01,1873
1.87E+01,1874
1.87E+01,1875
1.87E+01,1876
1.88E+01,1877
1.88E+01,1878
1.88E+01,1879
1.88E+01,1880
1.88E+01,1881
1.88E+01,1882
1.88E+01,1883
1.88E+01,1884
1.88E+01,1885
1.88E+01,1886
1.89E+01,1887
1.89E+01,1888
1.89E+01,1889
1.89E+01,1890
1.89E+01,1891
1.89E+01,1892
1.89E+01,1893
1.89E+01,1894
1.89E+01,1895
1.89E+01,1896
1.90E+01,1897
1.90E+01,1898
1.90E+01,1899
1.90E+01,1900
1.90E+01,1901
1.90E+01,1902
1.90E+01,1903
1.90E+01,1904
1.90E+01,1905
1.90E+01,1906
1.91E+01,1907
1.91E+01,1908
1.91E+01,1909
1.91E+01,1910
1.91E+01,1911
1.91E+01,1912
1.91E+01,1913
1.91E+01,1914
1.91E+01,1915
1.91E+01,1916
1.92E+01,1917
1.92E+01,1918
1.92E+01,1919
1.92E+01,1920
1.92E+01,1921
1.92E+01,1922
1.92E+01,1923
1.92E+01,1924
1.92E+01,1925
1.92E+01,1926
1.93E+01,1927
1.93E+01,1928
1.93E+01,1929
1.93E+01,1930
1.93E+01,1931
1.93E+01,1932
1.93E+01,1933
1.93E+01,1934
1.93E+01,1935
1.93E+01,1936
1.94E+01,1937
1.94E+01,1938
1.94E+01,1939
1.94E+01,1940
1.94E+01,1941
1.94E+01,1942
1.94E+01,1943
1.94E+01,1944
1.94E+01,1945
1.94E+01,1946
1.95E+01,1947
1.95E+01,1948
1.95E+01,1949
1.95E+01,1950
1.95E+01,1951
1.95E+01,1952
1.95E+01,1953
1.95E+01,1954
1.95E+01,1955
1.95E+01,1956
1.96E+01,1957
1.96E+01,1958
1.96E+01,1959
1.96E+01,1960
1.96E+01,1961
1.96E+01,1962
1.96E+01,1963
1.96E+01,1964
1.96E+01,1965
1.96E+01,1966
1.97E+01,1967
1.97E+01,1968
1.97E+01,1969
1.97E+01,1970
1.97E+01,1971
1.97E+01,1972
1.97E+01,1973
1.97E+01,1974
1.97E+01,1975
1.97E+01,1976
1.98E+01,1977
1.98E+01,1978
1.98E+01,1979
1.98E+01,1980
1.98E+01,1981
1.98E+01,1982
1.98E+01,1983
1.98E+01,1984
1.98E+01,1985
1.98E+01,1986
1.99E+01,1987
1.99E+01,1988
1.99E+01,1989
1.99E+01,1990
1.99E+01,1991
1.99E+01,1992
1.99E+01,1993
1.99E+01,1994
1.99E+01,1995
1.99E+01,1996
2.00E+01,1997
2.00E+01,1998
2.00E+01,1999
2.00E+01,2000
2.00E+01,2001
2.00E+01,2002
2.00E+01,2003
2.00E+01,2004
2.00E+01,2005
2.00E+01,2006
2.01E+01,2007
2.01E+01,2008
2.01E+01,2009
2.01E+01,2010
2.01E+01,2011
2.01E+01,2012
2.01E+01,2013
2.01E+01,2014
2.01E+01,2015
2.01E+01,2016
2.02E+01,2017
2.02E+01,2018
2.02E+01,2019
2.02E+01,2020
2.02E+01,2021
2.02E+01,2022
2.02E+01,2023
2.02E+01,2024
2.02E+01,2025
2.02E+01,2026
2.03E+01,2027
2.03E+01,2028
2.03E+01,2029
2.03E+01,2030
2.03E+01,2031
2.03E+01,2032
2.03E+01,2033
2.03E+01,2034
2.03E+01,2035
2.03E+01,2036
2.04E+01,2037
2.04E+01,2038
2.04E+01,2039
2.04E+01,2040
2.04E+01,2041
2.04E+01,2042
2.04E+01,2043
2.04E+01,2044
2.04E+01,2045
2.04E+01,2046
2.05E+01,2047
2.05E+01,2048
2.05E+01,2049
2.05E+01,2050
2.05E+01,2051
2.05E+01,2052
2.05E+01,2053
2.05E+01,2054
2.05E+01,2055
2.05E+01,2056
2.06E+01,2057
2.06E+01,2058
2.06E+01,2059
2.06E+01,2060
2.06E+01,2061
2.06E+01,2062
2.06E+01,2063
2.06E+01,2064
2.06E+01,2065
2.06E+01,2066
2.07E+01,2067
2.07E+01,2068
2.07E+01,2069
2.07E+01,2070
2.07E+01,2071
2.07E+01,2072
2.07E+01,2073
2.07E+01,2074
2.07E+01,2075
2.07E+01,2076
2.08E+01,2077
2.08E+01,2078
2.08E+01,2079
2.08E+01,2080
2.08E+01,2081
2.08E+01,2082
2.08E+01,2083
2.08E+01,2084
2.08E+01,2085
2.08E+01,2086
2.09E+01,2087
2.09E+01,2088
2.09E+01,2089
2.09E+01,2090
2.09E+01,2091
2.09E+01,2092
2.09E+01,2093
2.09E+01,2094
2.09E+01,2095
2.09E+01,2096
2.10E+01,2097
2.10E+01,2098
2.10E+01,2099
2.10E+01,2100
2.10E+01,2101
2.10E+01,2102
2.10E+01,2103
2.10E+01,2104
2.10E+01,2105
2.10E+01,2106
2.11E+01,2107
2.11E+01,2108
2.11E+01,2109
2.11E+01,2110
2.11E+01,2111
2.11E+01,2112
2.11E+01,2113
2.11E+01,2114
2.11E+01,2115
2.11E+01,2116
2.12E+01,2117
2.12E+01,2118
2.12E+01,2119
2.12E+01,2120
2.12E+01,2121
2.12E+01,2122
2.12E+01,2123
2.12E+01,2124
2.12E+01,2125
2.12E+01,2126
2.13E+01,2127
2.13E+01,2128
2.13E+01,2129
2.13E+01,2130
2.13E+01,2131
2.13E+01,2132
2.13E+01,2133
2.13E+01,2134
2.13E+01,2135
2.13E+01,2136
2.14E+01,2137
2.14E+01,2138
2.14E+01,2139
2.14E+01,2140
2.14E+01,2141
2.14E+01,2142
2.14E+01,2143
2.14E+01,2144
2.14E+01,2145
2.14E+01,2146
2.15E+01,2147
2.15E+01,2148
2.15E+01,2149
2.15E+01,2150
2.15E+01,2151
2.15E+01,2152
2.15E+01,2153
2.15E+01,2154
2.15E+01,2155
2.15E+01,2156
2.16E+01,2157
2.16E+01,2158
2.16E+01,2159
2.16E+01,2160
2.16E+01,2161
2.16E+01,2162
2.16E+01,2163
2.16E+01,2164
2.16E+01,2165
2.16E+01,2166
2.17E+01,2167
2.17E+01,2168
2.17E+01,2169
2.17E+01,2170
2.17E+01,2171
2.17E+01,2172
2.17E+01,2173
2.17E+01,2174
2.17E+01,2175
2.17E+01,2176
2.18E+01,2177
2.18E+01,2178
2.18E+01,2179
2.18E+01,2180
2.18E+01,2181
2.18E+01,2182
2.18E+01,2183
2.18E+01,2184
2.18E+01,2185
2.18E+01,2186
2.19E+01,2187
2.19E+01,2188
2.19E+01,2189
2.19E+01,2190
2.19E+01,2191
2.19E+01,2192
2.19E+01,2193
2.19E+01,2194
2.19E+01,2195
2.19E+01,2196
2.20E+01,2197
2.20E+01,2198
2.20E+01,2199
2.20E+01,2200
2.20E+01,2201
2.20E+01,2202
2.20E+01,2203
2.20E+01,2204
2.20E+01,2205
2.20E+01,2206
2.21E+01,2207
2.21E+01,2208
2.21E+01,2209
2.21E+01,2210
2.21E+01,2211
2.21E+01,2212
2.21E+01,2213
2.21E+01,2214
2.21E+01,2215
2.21E+01,2216
2.22E+01,2217
2.22E+01,2218
2.22E+01,2219
2.22E+01,2220
2.22E+01,2221
2.22E+01,2222
2.22E+01,2223
2.22E+01,2224
2.22E+01,2225
2.22E+01,2226
2.23E+01,2227
2.23E+01,2228
2.23E+01,2229
2.23E+01,2230
2.23E+01,2231
2.23E+01,2232
2.23E+01,2233
2.23E+01,2234
2.23E+01,2235
2.23E+01,2236
2.24E+01,2237
2.24E+01,2238
2.24E+01,2239
2.24E+01,2240
2.24E+01,2241
2.24E+01,2242
2.24E+01,2243
2.24E+01,2244
2.24E+01,2245
2.24E+01,2246
2.25E+01,2247
2.25E+01,2248
2.25E+01,2249
2.25E+01,2250
2.25E+01,2251
2.25E+01,2252
2.25E+01,2253
2.25E+01,2254
2.25E+01,2255
2.25E+01,2256
2.26E+01,2257
2.26E+01,2258
2.26E+01,2259
2.26E+01,2260
2.26E+01,2261
2.26E+01,2262
2.26E+01,2263
2.26E+01,2264
2.26E+01,2265
2.26E+01,2266
2.27E+01,2267
2.27E+01,2268
2.27E+01,2269
2.27E+01,2270
2.27E+01,2271
2.27E+01,2272
2.27E+01,2273
2.27E+01,2274
2.27E+01,2275
2.27E+01,2276
2.28E+01,2277
2.28E+01,2278
2.28E+01,2279
2.28E+01,2280
2.28E+01,2281
2.28E+01,2282
2.28E+01,2283
2.28E+01,2284
2.28E+01,2285
2.28E+01,2286
2.29E+01,2287
2.29E+01,2288
2.29E+01,2289
2.29E+01,2290
2.29E+01,2291
2.29E+01,2292
2.29E+01,2293
2.29E+01,2294
2.29E+01,2295
2.29E+01,2296
2.30E+01,2297
2.30E+01,2298
2.30E+01,2299
2.30E+01,2300
2.30E+01,2301
2.30E+01,2302
2.30E+01,2303
2.30E+01,2304
2.30E+01,2305
2.30E+01,2306
2.31E+01,2307
2.31E+01,2308
2.31E+01,2309
2.31E+01,2310
2.31E+01,2311
2.31E+01,2312
2.31E+01,2313
2.31E+01,2314
2.31E+01,2315
2.31E+01,2316
2.32E+01,2317
2.32E+01,2318
2.32E+01,2319
2.32E+01,2320
2.32E+01,2321
2.32E+01,2322
2.32E+01,2323
2.32E+01,2324
2.32E+01,2325
2.32E+01,2326
2.33E+01,2327
2.33E+01,2328
2.33E+01,2329
2.33E+01,2330
2.33E+01,2331
2.33E+01,2332
2.33E+01,2333
2.33E+01,2334
2.33E+01,2335
2.33E+01,2336
2.34E+01,2337
2.34E+01,2338
2.34E+01,2339
2.34E+01,2340
2.34E+01,2341
2.34E+01,2342
2.34E+01,2343
2.34E+01,2344
2.34E+01,2345
2.34E+01,2346
2.35E+01,2347
2.35E+01,2348
2.35E+01,2349
2.35E+01,2350
2.35E+01,2351
2.35E+01,2352
2.35E+01,2353
2.35E+01,2354
2.35E+01,2355
2.35E+01,2356
2.36E+01,2357
2.36E+01,2358
2.36E+01,2359
2.36E+01,2360
2.36E+01,2361
2.36E+01,2362
2.36E+01,2363
2.36E+01,2364
2.36E+01,2365
2.36E+01,2366
2.37E+01,2367
2.37E+01,2368
2.37E+01,2369
2.37E+01,2370
2.37E+01,2371
2.37E+01,2372
2.37E+01,2373
2.37E+01,2374
2.37E+01,2375
2.37E+01,2376
2.38E+01,2377
2.38E+01,2378
2.38E+01,2379
2.38E+01,2380
2.38E+01,2381
2.38E+01,2382
2.38E+01,2383
2.38E+01,2384
2.38E+01,2385
2.38E+01,2386
2.39E+01,2387
2.39E+01,2388
2.39E+01,2389
2.39E+01,2390
2.39E+01,2391
2.39E+01,2392
2.39E+01,2393
2.39E+01,2394
2.39E+01,2395
2.39E+01,2396
2.40E+01,2397
2.40E+01,2398
2.40E+01,2399
2.40E+01,2400
2.40E+01,2401
2.40E+01,2402
2.40E+01,2403
2.40E+01,2404
2.40E+01,2405
2.40E+01,2406
2.41E+01,2407
2.41E+01,2408
2.41E+01,2409
2.41E+01,2410
2.41E+01,2411
2.41E+01,2412
2.41E+01,2413
2.41E+01,2414
2.41E+01,2415
2.41E+01,2416
2.42E+01,2417
2.42E+01,2418
2.42E+01,2419
2.42E+01,2420
2.42E+01,2421
2.42E+01,2422
2.42E+01,2423
2.42E+01,2424
2.42E+01,2425
2.42E+01,2426
2.43E+01,2427
2.43E+01,2428
2.43E+01,2429
2.43E+01,2430
2.43E+01,2431
2.43E+01,2432
2.43E+01,2433
2.43E+01,2434
2.43E+01,2435
2.43E+01,2436
2.44E+01,2437
2.44E+01,2438
2.44E+01,2439
2.44E+01,2440
2.44E+01,2441
2.44E+01,2442
2.44E+01,2443
2.44E+01,2444
2.44E+01,2445
2.44E+01,2446
2.45E+01,2447
2.45E+01,2448
2.45E+01,2449
2.45E+01,2450
2.45E+01,2451
2.45E+01,2452
2.45E+01,2453
2.45E+01,2454
2.45E+01,2455
2.45E+01,2456
2.46E+01,2457
2.46E+01,2458
2.46E+01,2459
2.46E+01,2460
2.46E+01,2461
2.46E+01,2462
2.46E+01,2463
2.46E+01,2464
2.46E+01,2465
2.46E+01,2466
2.47E+01,2467
2.47E+01,2468
2.47E+01,2469
2.47E+01,2470
2.47E+01,2471
2.47E+01,2472
2.47E+01,2473
2.47E+01,2474
2.47E+01,2475
2.47E+01,2476
2.48E+01,2477
2.48E+01,2478
2.48E+01,2479
2.48E+01,2480
2.48E+01,2481
2.48E+01,2482
2.48E+01,2483
2.48E+01,2484
2.48E+01,2485
2.48E+01,2486
2.49E+01,2487
2.49E+01,2488
2.49E+01,2489
2.49E+01,2490
2.49E+01,2491
2.49E+01,2492
2.49E+01,2493
2.49E+01,2494
2.49E+01,2495
2.49E+01,2496
2.50E+01,2497
2.50E+01,2498
2.50E+01,2499
2.50E+01,2500
2.50E+01,2501
2.50E+01,2502
2.50E+01,2503
2.50E+01,2504
2.50E+01,2505
2.50E+01,2506
2.51E+01,2507
2.51E+01,2508
2.51E+01,2509
2.51E+01,2510
2.51E+01,2511
2.51E+01,2512
2.51E+01,2513
2.51E+01,2514
2.51E+01,2515
2.51E+01,2516
2.52E+01,2517
2.52E+01,2518
2.52E+01,2519
2.52E+01,2520
2.52E+01,2521
2.52E+01,2522
2.52E+01,2523
2.52E+01,2524
2.52E+01,2525
2.52E+01,2526
2.53E+01,2527
2.53E+01,2528
2.53E+01,2529
2.53E+01,2530
2.53E+01,2531
2.53E+01,2532
2.53E+01,2533
2.53E+01,2534
2.53E+01,2535
2.53E+01,2536
2.54E+01,2537
2.54E+01,2538
2.54E+01,2539
2.54E+01,2540
2.54E+01,2541
2.54E+01,2542
2.54E+01,2543
2.54E+01,2544
2.54E+01,2545
2.54E+01,2546
2.55E+01,2547
2.55E+01,2548
2.55E+01,2549
2.55E+01,2550
2.55E+01,2551
2.55E+01,2552
2.55E+01,2553
2.55E+01,2554
2.55E+01,2555
2.55E+01,2556
2.56E+01,2557
2.56E+01,2558
2.56E+01,2559
2.56E+01,2560
2.56E+01,2561
2.56E+01,2562
2.56E+01,2563
2.56E+01,2564
2.56E+01,2565
2.56E+01,2566
2.57E+01,2567
2.57E+01,2568
2.57E+01,2569
2.57E+01,2570
2.57E+01,2571
2.57E+01,2572
2.57E+01,2573
2.57E+01,2574
2.57E+01,2575
2.57E+01,2576
2.58E+01,2577
2.58E+01,2578
2.58E+01,2579
2.58E+01,2580
2.58E+01,2581
2.58E+01,2582
2.58E+01,2583
2.58E+01,2584
2.58E+01,2585
2.58E+01,2586
2.59E+01,2587
2.59E+01,2588
2.59E+01,2589
2.59E+01,2590
2.59E+01,2591
2.59E+01,2592
2.59E+01,2593
2.59E+01,2594
2.59E+01,2595
2.59E+01,2596
2.60E+01,2597
2.60E+01,2598
2.60E+01,2599
2.60E+01,2600
2.60E+01,2601
2.60E+01,2602
2.60E+01,2603
2.60E+01,2604
2.60E+01,2605
2.60E+01,2606
2.61E+01,2607
2.61E+01,2608
2.61E+01,2609
2.61E+01,2610
2.61E+01,2611
2.61E+01,2612
2.61E+01,2613
2.61E+01,2614
2.61E+01,2615
2.61E+01,2616
2.62E+01,2617
2.62E+01,2618
2.62E+01,2619
2.62E+01,2620
2.62E+01,2621
2.62E+01,2622
2.62E+01,2623
2.62E+01,2624
2.62E+01,2625
2.62E+01,2626
2.63E+01,2627
2.63E+01,2628
2.63E+01,2629
2.63E+01,2630
2.63E+01,2631
2.63E+01,2632
2.63E+01,2633
2.63E+01,2634
2.63E+01,2635
2.63E+01,2636
2.64E+01,2637
2.64E+01,2638
2.64E+01,2639
2.64E+01,2640
2.64E+01,2641
2.64E+01,2642
2.64E+01,2643
2.64E+01,2644
2.64E+01,2645
2.64E+01,2646
2.65E+01,2647
2.65E+01,2648
2.65E+01,2649
2.65E+01,2650
2.65E+01,2651
2.65E+01,2652
2.65E+01,2653
2.65E+01,2654
2.65E+01,2655
2.65E+01,2656
2.66E+01,2657
2.66E+01,2658
2.66E+01,2659
2.66E+01,2660
2.66E+01,2661
2.66E+01,2662
2.66E+01,2663
2.66E+01,2664
2.66E+01,2665
2.66E+01,2666
2.67E+01,2667
2.67E+01,2668
2.67E+01,2669
2.67E+01,2670
2.67E+01,2671
2.67E+01,2672
2.67E+01,2673
2.67E+01,2674
2.67E+01,2675
2.67E+01,2676
2.68E+01,2677
2.68E+01,2678
2.68E+01,2679
2.68E+01,2680
2.68E+01,2681
2.68E+01,2682
2.68E+01,2683
2.68E+01,2684
2.68E+01,2685
2.68E+01,2686
2.69E+01,2687
2.69E+01,2688
2.69E+01,2689
2.69E+01,2690
2.69E+01,2691
2.69E+01,2692
2.69E+01,2693
2.69E+01,2694
2.69E+01,2695
2.69E+01,2696
2.70E+01,2697
2.70E+01,2698
2.70E+01,2699
2.70E+01,2700
2.70E+01,2701
2.70E+01,2702
2.70E+01,2703
2.70E+01,2704
2.70E+01,2705
2.70E+01,2706
2.71E+01,2707
2.71E+01,2708
2.71E+01,2709
2.71E+01,2710
2.71E+01,2711
2.71E+01,2712
2.71E+01,2713
2.71E+01,2714
2.71E+01,2715
2.71E+01,2716
2.72E+01,2717
2.72E+01,2718
2.72E+01,2719
2.72E+01,2720
2.72E+01,2721
2.72E+01,2722
2.72E+01,2723
2.72E+01,2724
2.72E+01,2725
2.72E+01,2726
2.73E+01,2727
2.73E+01,2728
2.73E+01,2729
2.73E+01,2730
2.73E+01,2731
2.73E+01,2732
2.73E+01,2733
2.73E+01,2734
2.73E+01,2735
2.73E+01,2736
2.74E+01,2737
2.74E+01,2738
2.74E+01,2739
2.74E+01,2740
2.74E+01,2741
2.74E+01,2742
2.74E+01,2743
2.74E+01,2744
2.74E+01,2745
2.74E+01,2746
2.75E+01,2747
2.75E+01,2748
2.75E+01,2749
2.75E+01,2750
2.75E+01,2751
2.75E+01,2752
2.75E+01,2753
2.75E+01,2754
2.75E+01,2755
2.75E+01,2756
2.76E+01,2757
2.76E+01,2758
2.76E+01,2759
2.76E+01,2760
2.76E+01,2761
2.76E+01,2762
2.76E+01,2763
2.76E+01,2764
2.76E+01,2765
2.76E+01,2766
2.77E+01,2767
2.77E+01,2768
2.77E+01,2769
2.77E+01,2770
2.77E+01,2771
2.77E+01,2772
2.77E+01,2773
2.77E+01,2774
2.77E+01,2775
2.77E+01,2776
2.78E+01,2777
2.78E+01,2778
2.78E+01,2779
2.78E+01,2780
2.78E+01,2781
2.78E+01,2782
2.78E+01,2783
2.78E+01,2784
2.78E+01,2785
2.78E+01,2786
2.79E+01,2787
2.79E+01,2788
2.79E+01,2789
2.79E+01,2790
2.79E+01,2791
2.79E+01,2792
2.79E+01,2793
2.79E+01,2794
2.79E+01,2795
2.79E+01,2796
2.80E+01,2797
2.80E+01,2798
2.80E+01,2799
2.80E+01,2800
2.80E+01,2801
2.80E+01,2802
2.80E+01,2803
2.80E+01,2804
2.80E+01,2805
2.80E+01,2806
2.81E+01,2807
2.81E+01,2808
2.81E+01,2809
2.81E+01,2810
2.81E+01,2811
2.81E+01,2812
2.81E+01,2813
2.81E+01,2814
2.81E+01,2815
2.81E+01,2816
2.82E+01,2817
2.82E+01,2818
2.82E+01,2819
2.82E+01,2820
2.82E+01,2821
2.82E+01,2822
2.82E+01,2823
2.82E+01,2824
2.82E+01,2825
2.82E+01,2826
2.83E+01,2827
2.83E+01,2828
2.83E+01,2829
2.83E+01,2830
2.83E+01,2831
2.83E+01,2832
2.83E+01,2833
2.83E+01,2834
2.83E+01,2835
2.83E+01,2836
2.84E+01,2837
2.84E+01,2838
2.84E+01,2839
2.84E+01,2840
2.84E+01,2841
2.84E+01,2842
2.84E+01,2843
2.84E+01,2844
2.84E+01,2845
2.84E+01,2846
2.85E+01,2847
2.85E+01,2848
2.85E+01,2849
2.85E+01,2850
2.85E+01,2851
2.85E+01,2852
2.85E+01,2853
2.85E+01,2854
2.85E+01,2855
2.85E+01,2856
2.86E+01,2857
2.86E+01,2858
2.86E+01,2859
2.86E+01,2860
2.86E+01,2861
2.86E+01,2862
2.86E+01,2863
2.86E+01,2864
2.86E+01,2865
2.86E+01,2866
2.87E+01,2867
2.87E+01,2868
2.87E+01,2869
2.87E+01,2870
2.87E+01,2871
2.87E+01,2872
2.87E+01,2873
2.87E+01,2874
2.87E+01,2875
2.87E+01,2876
2.88E+01,2877
2.88E+01,2878
2.88E+01,2879
2.88E+01,2880
2.88E+01,2881
2.88E+01,2882
2.88E+01,2883
2.88E+01,2884
2.88E+01,2885
2.88E+01,2886
2.89E+01,2887
2.89E+01,2888
2.89E+01,2889
2.89E+01,2890
2.89E+01,2891
2.89E+01,2892
2.89E+01,2893
2.89E+01,2894
2.89E+01,2895
2.89E+01,2896
2.90E+01,2897
2.90E+01,2898
2.90E+01,2899
2.90E+01,2900
2.90E+01,2901
2.90E+01,2902
2.90E+01,2903
2.90E+01,2904
2.90E+01,2905
2.90E+01,2906
2.91E+01,2907
2.91E+01,2908
2.91E+01,2909
2.91E+01,2910
2.91E+01,2911
2.91E+01,2912
2.91E+01,2913
2.91E+01,2914
2.91E+01,2915
2.91E+01,2916
2.92E+01,2917
2.92E+01,2918
2.92E+01,2919
2.92E+01,2920
2.92E+01,2921
2.92E+01,2922
2.92E+01,2923
2.92E+01,2924
2.92E+01,2925
2.92E+01,2926
2.93E+01,2927
2.93E+01,2928
2.93E+01,2929
2.93E+01,2930
2.93E+01,2931
2.93E+01,2932
2.93E+01,2933
2.93E+01,2934
2.93E+01,2935
2.93E+01,2936
2.94E+01,2937
2.94E+01,2938
2.94E+01,2939
2.94E+01,2940
2.94E+01,2941
2.94E+01,2942
2.94E+01,2943
2.94E+01,2944
2.94E+01,2945
2.94E+01,2946
2.95E+01,2947
2.95E+01,2948
2.95E+01,2949
2.95E+01,2950
2.95E+01,2951
2.95E+01,2952
2.95E+01,2953
2.95E+01,2954
2.95E+01,2955
2.95E+01,2956
2.96E+01,2957
2.96E+01,2958
2.96E+01,2959
2.96E+01,2960
2.96E+01,2961
2.96E+01,2962
2.96E+01,2963
2.96E+01,2964
2.96E+01,2965
2.96E+01,2966
2.97E+01,2967
2.97E+01,2968
2.97E+01,2969
2.97E+01,2970
2.97E+01,2971
2.97E+01,2972
2.97E+01,2973
2.97E+01,2974
2.97E+01,2975
2.97E+01,2976
2.98E+01,2977
2.98E+01,2978
2.98E+01,2979
2.98E+01,2980
2.98E+01,2981
2.98E+01,2982
2.98E+01,2983
2.98E+01,2984
2.98E+01,2985
2.98E+01,2986
2.99E+01,2987
2.99E+01,2988
2.99E+01,2989
2.99E+01,2990
2.99E+01,2991
2.99E+01,2992
2.99E+01,2993
2.99E+01,2994
2.99E+01,2995
2.99E+01,2996
3.00E+01,2997
3.00E+01,2998
3.00E+01,2999
3.00E+01,3000
3.00E+01,3001
3.00E+01,3002
3.00E+01,3003
3.00E+01,3004
3.00E+01,3005
3.00E+01,3006
3.01E+01,3007
3.01E+01,3008
3.01E+01,3009
3.01E+01,3010
3.01E+01,3011
3.01E+01,3012
3.01E+01,3013
3.01E+01,3014
3.01E+01,3015
3.01E+01,3016
3.02E+01,3017
3.02E+01,3018
3.02E+01,3019
3.02E+01,3020
3.02E+01,3021
3.02E+01,3022
3.02E+01,3023
3.02E+01,3024
3.02E+01,3025
3.02E+01,3026
3.03E+01,3027
3.03E+01,3028
3.03E+01,3029
3.03E+01,3030
3.03E+01,3031
3.03E+01,3032
3.03E+01,3033
3.03E+01,3034
3.03E+01,3035
3.03E+01,3036
3.04E+01,3037
3.04E+01,3038
3.04E+01,3039
3.04E+01,3040
3.04E+01,3041
3.04E+01,3042
3.04E+01,3043
3.04E+01,3044
3.04E+01,3045
3.04E+01,3046
3.05E+01,3047
3.05E+01,3048
3.05E+01,3049
3.05E+01,3050
3.05E+01,3051
3.05E+01,3052
3.05E+01,3053
3.05E+01,3054
3.05E+01,3055
3.05E+01,3056
3.06E+01,3057
3.06E+01,3058
3.06E+01,3059
3.06E+01,3060
3.06E+01,3061
3.06E+01,3062
3.06E+01,3063
3.06E+01,3064
3.06E+01,3065
3.06E+01,3066
3.07E+01,3067
3.07E+01,3068
3.07E+01,3069
3.07E+01,3070
3.07E+01,3071
3.07E+01,3072
3.07E+01,3073
3.07E+01,3074
3.07E+01,3075
3.07E+01,3076
3.08E+01,3077
3.08E+01,3078
3.08E+01,3079
3.08E+01,3080
3.08E+01,3081
3.08E+01,3082
3.08E+01,3083
3.08E+01,3084
3.08E+01,3085
3.08E+01,3086
3.09E+01,3087
3.09E+01,3088
3.09E+01,3089
3.09E+01,3090
3.09E+01,3091
3.09E+01,3092
3.09E+01,3093
3.09E+01,3094
3.09E+01,3095
3.09E+01,3096
3.10E+01,3097
3.10E+01,3098
3.10E+01,3099
3.10E+01,3100
3.10E+01,3101
3.10E+01,3102
3.10E+01,3103
3.10E+01,3104
3.10E+01,3105
3.10E+01,3106
3.11E+01,3107
3.11E+01,3108
3.11E+01,3109
3.11E+01,3110
3.11E+01,3111
3.11E+01,3112
3.11E+01,3113
3.11E+01,3114
3.11E+01,3115
3.11E+01,3116
3.12E+01,3117
3.12E+01,3118
3.12E+01,3119
3.12E+01,3120
3.12E+01,3121
3.12E+01,3122
3.12E+01,3123
3.12E+01,3124
3.12E+01,3125
3.12E+01,3126
3.13E+01,3127
3.13E+01,3128
3.13E+01,3129
3.13E+01,3130
3.13E+01,3131
3.13E+01,3132
3.13E+01,3133
3.13E+01,3134
3.13E+01,3135
3.13E+01,3136
3.14E+01,3137
3.14E+01,3138
3.14E+01,3139
3.14E+01,3140
3.14E+01,3141
3.14E+01,3142
3.14E+01,3143
3.14E+01,3144
3.14E+01,3145
3.14E+01,3146
3.15E+01,3147
3.15E+01,3148
3.15E+01,3149
3.15E+01,3150
3.15E+01,3151
3.15E+01,3152
3.15E+01,3153
3.15E+01,3154
3.15E+01,3155
3.15E+01,3156
3.16E+01,3157
3.16E+01,3158
3.16E+01,3159
3.16E+01,3160
3.16E+01,3161
3.16E+01,3162
3.16E+01,3163
3.16E+01,3164
3.16E+01,3165
3.16E+01,3166
3.17E+01,3167
3.17E+01,3168
3.17E+01,3169
3.17E+01,3170
3.17E+01,3171
3.17E+01,3172
3.17E+01,3173
3.17E+01,3174
3.17E+01,3175
3.17E+01,3176
3.18E+01,3177
3.18E+01,3178
3.18E+01,3179
3.18E+01,3180
3.18E+01,3181
3.18E+01,3182
3.18E+01,3183
3.18E+01,3184
3.18E+01,3185
3.18E+01,3186
3.19E+01,3187
3.19E+01,3188
3.19E+01,3189
3.19E+01,3190
3.19E+01,3191
3.19E+01,3192
3.19E+01,3193
3.19E+01,3194
3.19E+01,3195
3.19E+01,3196
3.20E+01,3197
3.20E+01,3198
3.20E+01,3199
3.20E+01,3200
3.20E+01,3201
3.20E+01,3202
3.20E+01,3203
3.20E+01,3204
3.20E+01,3205
3.20E+01,3206
3.21E+01,3207
3.21E+01,3208
3.21E+01,3209
3.21E+01,3210
3.21E+01,3211
3.21E+01,3212
3.21E+01,3213
3.21E+01,3214
3.21E+01,3215
3.21E+01,3216
3.22E+01,3217
3.22E+01,3218
3.22E+01,3219
3.22E+01,3220
3.22E+01,3221
3.22E+01,3222
3.22E+01,3223
3.22E+01,3224
3.22E+01,3225
3.22E+01,3226
3.23E+01,3227
3.23E+01,3228
3.23E+01,3229
3.23E+01,3230
3.23E+01,3231
3.23E+01,3232
3.23E+01,3233
3.23E+01,3234
3.23E+01,3235
3.23E+01,3236
3.24E+01,3237
3.24E+01,3238
3.24E+01,3239
3.24E+01,3240
3.24E+01,3241
3.24E+01,3242
3.24E+01,3243
3.24E+01,3244
3.24E+01,3245
3.24E+01,3246
3.25E+01,3247
3.25E+01,3248
3.25E+01,3249
3.25E+01,3250
3.25E+01,3251
3.25E+01,3252
3.25E+01,3253
3.25E+01,3254
3.25E+01,3255
3.25E+01,3256
3.26E+01,3257
3.26E+01,3258
3.26E+01,3259
3.26E+01,3260
3.26E+01,3261
3.26E+01,3262
3.26E+01,3263
3.26E+01,3264
3.26E+01,3265
3.26E+01,3266
3.27E+01,3267
3.27E+01,3268
3.27E+01,3269
3.27E+01,3270
3.27E+01,3271
3.27E+01,3272
3.27E+01,3273
3.27E+01,3274
3.27E+01,3275
3.27E+01,3276
3.28E+01,3277
3.28E+01,3278
3.28E+01,3279
3.28E+01,3280
3.28E+01,3281
3.28E+01,3282
3.28E+01,3283
3.28E+01,3284
3.28E+01,3285
3.28E+01,3286
3.29E+01,3287
3.29E+01,3288
3.29E+01,3289
3.29E+01,3290
3.29E+01,3291
3.29E+01,3292
3.29E+01,3293
3.29E+01,3294
3.29E+01,3295
3.29E+01,3296
3.30E+01,3297
3.30E+01,3298
3.30E+01,3299
3.30E+01,3300
3.30E+01,3301
3.30E+01,3302
3.30E+01,3303
3.30E+01,3304
3.30E+01,3305
3.30E+01,3306
3.31E+01,3307
3.31E+01,3308
3.31E+01,3309
3.31E+01,3310
3.31E+01,3311
3.31E+01,3312
3.31E+01,3313
3.31E+01,3314
3.31E+01,3315
3.31E+01,3316
3.32E+01,3317
3.32E+01,3318
3.32E+01,3319
3.32E+01,3320
3.32E+01,3321
3.32E+01,3322
3.32E+01,3323
3.32E+01,3324
3.32E+01,3325
3.32E+01,3326
3.33E+01,3327
3.33E+01,3328
3.33E+01,3329
3.33E+01,3330
3.33E+01,3331
3.33E+01,3332
3.33E+01,3333
3.33E+01,3334
3.33E+01,3335
3.33E+01,3336
3.34E+01,3337
3.34E+01,3338
3.34E+01,3339
3.34E+01,3340
3.34E+01,3341
3.34E+01,3342
3.34E+01,3343
3.34E+01,3344
3.34E+01,3345
3.34E+01,3346
3.35E+01,3347
3.35E+01,3348
3.35E+01,3349
3.35E+01,3350
3.35E+01,3351
3.35E+01,3352
3.35E+01,3353
3.35E+01,3354
3.35E+01,3355
3.35E+01,3356
3.36E+01,3357
3.36E+01,3358
3.36E+01,3359
3.36E+01,3360
3.36E+01,3361
3.36E+01,3362
3.36E+01,3363
3.36E+01,3364
3.36E+01,3365
3.36E+01,3366
3.37E+01,3367
3.37E+01,3368
3.37E+01,3369
3.37E+01,3370
3.37E+01,3371
3.37E+01,3372
3.37E+01,3373
3.37E+01,3374
3.37E+01,3375
3.37E+01,3376
3.38E+01,3377
3.38E+01,3378
3.38E+01,3379
3.38E+01,3380
3.38E+01,3381
3.38E+01,3382
3.38E+01,3383
3.38E+01,3384
3.38E+01,3385
3.38E+01,3386
3.39E+01,3387
3.39E+01,3388
3.39E+01,3389
3.39E+01,3390
3.39E+01,3391
3.39E+01,3392
3.39E+01,3393
3.39E+01,3394
3.39E+01,3395
3.39E+01,3396
3.40E+01,3397
3.40E+01,3398
3.40E+01,3399
3.40E+01,3400
3.40E+01,3401
3.40E+01,3402
3.40E+01,3403
3.40E+01,3404
3.40E+01,3405
3.40E+01,3406
3.41E+01,3407
3.41E+01,3408
3.41E+01,3409
3.41E+01,3410
3.41E+01,3411
3.41E+01,3412
3.41E+01,3413
3.41E+01,3414
3.41E+01,3415
3.41E+01,3416
3.42E+01,3417
3.42E+01,3418
3.42E+01,3419
3.42E+01,3420
3.42E+01,3421
3.42E+01,3422
3.42E+01,3423
3.42E+01,3424
3.42E+01,3425
3.42E+01,3426
3.43E+01,3427
3.43E+01,3428
3.43E+01,3429
3.43E+01,3430
3.43E+01,3431
3.43E+01,3432
3.43E+01,3433
3.43E+01,3434
3.43E+01,3435
3.43E+01,3436
3.44E+01,3437
3.44E+01,3438
3.44E+01,3439
3.44E+01,3440
3.44E+01,3441
3.44E+01,3442
3.44E+01,3443
3.44E+01,3444
3.44E+01,3445
3.44E+01,3446
3.45E+01,3447
3.45E+01,3448
3.45E+01,3449
3.45E+01,3450
3.45E+01,3451
3.45E+01,3452
3.45E+01,3453
3.45E+01,3454
3.45E+01,3455
3.45E+01,3456
3.46E+01,3457
3.46E+01,3458
3.46E+01,3459
3.46E+01,3460
3.46E+01,3461
3.46E+01,3462
3.46E+01,3463
3.46E+01,3464
3.46E+01,3465
3.46E+01,3466
3.47E+01,3467
3.47E+01,3468
3.47E+01,3469
3.47E+01,3470
3.47E+01,3471
3.47E+01,3472
3.47E+01,3473
3.47E+01,3474
3.47E+01,3475
3.47E+01,3476
3.48E+01,3477
3.48E+01,3478
3.48E+01,3479
3.48E+01,3480
3.48E+01,3481
3.48E+01,3482
3.48E+01,3483
3.48E+01,3484
3.48E+01,3485
3.48E+01,3486
3.49E+01,3487
3.49E+01,3488
3.49E+01,3489
3.49E+01,3490
3.49E+01,3491
3.49E+01,3492
3.49E+01,3493
3.49E+01,3494
3.49E+01,3495
3.49E+01,3496
3.50E+01,3497
3.50E+01,3498
3.50E+01,3499
3.50E+01,3500
3.50E+01,3501
3.50E+01,3502
3.50E+01,3503
3.50E+01,3504
3.50E+01,3505
3.50E+01,3506
3.51E+01,3507
3.51E+01,3508
3.51E+01,3509
3.51E+01,3510
3.51E+01,3511
3.51E+01,3512
3.51E+01,3513
3.51E+01,3514
3.51E+01,3515
3.51E+01,3516
3.52E+01,3517
3.52E+01,3518
3.52E+01,3519
3.52E+01,3520
3.52E+01,3521
3.52E+01,3522
3.52E+01,3523
3.52E+01,3524
3.52E+01,3525
3.52E+01,3526
3.53E+01,3527
3.53E+01,3528
3.53E+01,3529
3.53E+01,3530
3.53E+01,3531
3.53E+01,3532
3.53E+01,3533
3.53E+01,3534
3.53E+01,3535
3.53E+01,3536
3.54E+01,3537
3.54E+01,3538
3.54E+01,3539
3.54E+01,3540
3.54E+01,3541
3.54E+01,3542
3.54E+01,3543
3.54E+01,3544
3.54E+01,3545
3.54E+01,3546
3.55E+01,3547
3.55E+01,3548
3.55E+01,3549
3.55E+01,3550
3.55E+01,3551
3.55E+01,3552
3.55E+01,3553
3.55E+01,3554
3.55E+01,3555
3.55E+01,3556
3.56E+01,3557
3.56E+01,3558
3.56E+01,3559
3.56E+01,3560
3.56E+01,3561
3.56E+01,3562
3.56E+01,3563
3.56E+01,3564
3.56E+01,3565
3.56E+01,3566
3.57E+01,3567
3.57E+01,3568
3.57E+01,3569
3.57E+01,3570
3.57E+01,3571
3.57E+01,3572
3.57E+01,3573
3.57E+01,3574
3.57E+01,3575
3.57E+01,3576
3.58E+01,3577
3.58E+01,3578
3.58E+01,3579
3.58E+01,3580
3.58E+01,3581
3.58E+01,3582
3.58E+01,3583
3.58E+01,3584
3.58E+01,3585
3.58E+01,3586
3.59E+01,3587
3.59E+01,3588
3.59E+01,3589
3.59E+01,3590
3.59E+01,3591
3.59E+01,3592
3.59E+01,3593
3.59E+01,3594
3.59E+01,3595
3.59E+01,3596
3.60E+01,3597
3.60E+01,3598
3.60E+01,3599
3.60E+01,3600
3.60E+01,3601
3.60E+01,3602
3.60E+01,3603
3.60E+01,3604
3.60E+01,3605
3.60E+01,3606
3.61E+01,3607
3.61E+01,3608
3.61E+01,3609
3.61E+01,3610
3.61E+01,3611
3.61E+01,3612
3.61E+01,3613
3.61E+01,3614
3.61E+01,3615
3.61E+01,3616
3.62E+01,3617
3.62E+01,3618
3.62E+01,3619
3.62E+01,3620
3.62E+01,3621
3.62E+01,3622
3.62E+01,3623
3.62E+01,3624
3.62E+01,3625
3.62E+01,3626
3.63E+01,3627
3.63E+01,3628
3.63E+01,3629
3.63E+01,3630
3.63E+01,3631
3.63E+01,3632
3.63E+01,3633
3.63E+01,3634
3.63E+01,3635
3.63E+01,3636
3.64E+01,3637
3.64E+01,3638
3.64E+01,3639
3.64E+01,3640
3.64E+01,3641
3.64E+01,3642
3.64E+01,3643
3.64E+01,3644
3.64E+01,3645
3.64E+01,3646
3.65E+01,3647
3.65E+01,3648
3.65E+01,3649
3.65E+01,3650
3.65E+01,3651
3.65E+01,3652
3.65E+01,3653
3.65E+01,3654
3.65E+01,3655
3.65E+01,3656
3.66E+01,3657
3.66E+01,3658
3.66E+01,3659
3.66E+01,3660
3.66E+01,3661
3.66E+01,3662
3.66E+01,3663
3.66E+01,3664
3.66E+01,3665
3.66E+01,3666
3.67E+01,3667
3.67E+01,3668
3.67E+01,3669
3.67E+01,3670
3.67E+01,3671
3.67E+01,3672
3.67E+01,3673
3.67E+01,3674
3.67E+01,3675
3.67E+01,3676
3.68E+01,3677
3.68E+01,3678
3.68E+01,3679
3.68E+01,3680
3.68E+01,3681
3.68E+01,3682
3.68E+01,3683
3.68E+01,3684
3.68E+01,3685
3.68E+01,3686
3.69E+01,3687
3.69E+01,3688
3.69E+01,3689
3.69E+01,3690
3.69E+01,3691
3.69E+01,3692
3.69E+01,3693
3.69E+01,3694
3.69E+01,3695
3.69E+01,3696
3.70E+01,3697
3.70E+01,3698
3.70E+01,3699
3.70E+01,3700
3.70E+01,3701
3.70E+01,3702
3.70E+01,3703
3.70E+01,3704
3.70E+01,3705
3.70E+01,3706
3.71E+01,3707
3.71E+01,3708
3.71E+01,3709
3.71E+01,3710
3.71E+01,3711
3.71E+01,3712
3.71E+01,3713
3.71E+01,3714
3.71E+01,3715
3.71E+01,3716
3.72E+01,3717
3.72E+01,3718
3.72E+01,3719
3.72E+01,3720
3.72E+01,3721
3.72E+01,3722
3.72E+01,3723
3.72E+01,3724
3.72E+01,3725
3.72E+01,3726
3.73E+01,3727
3.73E+01,3728
3.73E+01,3729
3.73E+01,3730
3.73E+01,3731
3.73E+01,3732
3.73E+01,3733
3.73E+01,3734
3.73E+01,3735
3.73E+01,3736
3.74E+01,3737
3.74E+01,3738
3.74E+01,3739
3.74E+01,3740
3.74E+01,3741
3.74E+01,3742
3.74E+01,3743
3.74E+01,3744
3.74E+01,3745
3.74E+01,3746
3.75E+01,3747
3.75E+01,3748
3.75E+01,3749
3.75E+01,3750
3.75E+01,3751
3.75E+01,3752
3.75E+01,3753
3.75E+01,3754
3.75E+01,3755
3.75E+01,3756
3.76E+01,3757
3.76E+01,3758
3.76E+01,3759
3.76E+01,3760
3.76E+01,3761
3.76E+01,3762
3.76E+01,3763
3.76E+01,3764
3.76E+01,3765
3.76E+01,3766
3.77E+01,3767
3.77E+01,3768
3.77E+01,3769
3.77E+01,3770
3.77E+01,3771
3.77E+01,3772
3.77E+01,3773
3.77E+01,3774
3.77E+01,3775
3.77E+01,3776
3.78E+01,3777
3.78E+01,3778
3.78E+01,3779
3.78E+01,3780
3.78E+01,3781
3.78E+01,3782
3.78E+01,3783
3.78E+01,3784
3.78E+01,3785
3.78E+01,3786
3.79E+01,3787
3.79E+01,3788
3.79E+01,3789
3.79E+01,3790
3.79E+01,3791
3.79E+01,3792
3.79E+01,3793
3.79E+01,3794
3.79E+01,3795
3.79E+01,3796
3.80E+01,3797
3.80E+01,3798
3.80E+01,3799
3.80E+01,3800
3.80E+01,3801
3.80E+01,3802
3.80E+01,3803
3.80E+01,3804
3.80E+01,3805
3.80E+01,3806
3.81E+01,3807
3.81E+01,3808
3.81E+01,3809
3.81E+01,3810
3.81E+01,3811
3.81E+01,3812
3.81E+01,3813
3.81E+01,3814
3.81E+01,3815
3.81E+01,3816
3.82E+01,3817
3.82E+01,3818
3.82E+01,3819
3.82E+01,3820
3.82E+01,3821
3.82E+01,3822
3.82E+01,3823
3.82E+01,3824
3.82E+01,3825
3.82E+01,3826
3.83E+01,3827
3.83E+01,3828
3.83E+01,3829
3.83E+01,3830
3.83E+01,3831
3.83E+01,3832
3.83E+01,3833
3.83E+01,3834
3.83E+01,3835
3.83E+01,3836
3.84E+01,3837
3.84E+01,3838
3.84E+01,3839
3.84E+01,3840
3.84E+01,3841
3.84E+01,3842
3.84E+01,3843
3.84E+01,3844
3.84E+01,3845
3.84E+01,3846
3.85E+01,3847
3.85E+01,3848
3.85E+01,3849
3.85E+01,3850
3.85E+01,3851
3.85E+01,3852
3.85E+01,3853
3.85E+01,3854
3.85E+01,3855
3.85E+01,3856
3.86E+01,3857
3.86E+01,3858
3.86E+01,3859
3.86E+01,3860
3.86E+01,3861
3.86E+01,3862
3.86E+01,3863
3.86E+01,3864
3.86E+01,3865
3.86E+01,3866
3.87E+01,3867
3.87E+01,3868
3.87E+01,3869
3.87E+01,3870
3.87E+01,3871
3.87E+01,3872
3.87E+01,3873
3.87E+01,3874
3.87E+01,3875
3.87E+01,3876
3.88E+01,3877
3.88E+01,3878
3.88E+01,3879
3.88E+01,3880
3.88E+01,3881
3.88E+01,3882
3.88E+01,3883
3.88E+01,3884
3.88E+01,3885
3.88E+01,3886
3.89E+01,3887
3.89E+01,3888
3.89E+01,3889
3.89E+01,3890
3.89E+01,3891
3.89E+01,3892
3.89E+01,3893
3.89E+01,3894
3.89E+01,3895
3.89E+01,3896
3.90E+01,3897
3.90E+01,3898
3.90E+01,3899
3.90E+01,3900
3.90E+01,3901
3.90E+01,3902
3.90E+01,3903
3.90E+01,3904
3.90E+01,3905
3.90E+01,3906
3.91E+01,3907
3.91E+01,3908
3.91E+01,3909
3.91E+01,3910
3.91E+01,3911
3.91E+01,3912
3.91E+01,3913
3.91E+01,3914
3.91E+01,3915
3.91E+01,3916
3.92E+01,3917
3.92E+01,3918
3.92E+01,3919
3.92E+01,3920
3.92E+01,3921
3.92E+01,3922
3.92E+01,3923
3.92E+01,3924
3.92E+01,3925
3.92E+01,3926
3.93E+01,3927
3.93E+01,3928
3.93E+01,3929
3.93E+01,3930
3.93E+01,3931
3.93E+01,3932
3.93E+01,3933
3.93E+01,3934
3.93E+01,3935
3.93E+01,3936
3.94E+01,3937
3.94E+01,3938
3.94E+01,3939
3.94E+01,3940
3.94E+01,3941
3.94E+01,3942
3.94E+01,3943
3.94E+01,3944
3.94E+01,3945
3.94E+01,3946
3.95E+01,3947
3.95E+01,3948
3.95E+01,3949
3.95E+01,3950
3.95E+01,3951
3.95E+01,3952
3.95E+01,3953
3.95E+01,3954
3.95E+01,3955
3.95E+01,3956
3.96E+01,3957
3.96E+01,3958
3.96E+01,3959
3.96E+01,3960
3.96E+01,3961
3.96E+01,3962
3.96E+01,3963
3.96E+01,3964
3.96E+01,3965
3.96E+01,3966
3.97E+01,3967
3.97E+01,3968
3.97E+01,3969
3.97E+01,3970
3.97E+01,3971
3.97E+01,3972
3.97E+01,3973
3.97E+01,3974
3.97E+01,3975
3.97E+01,3976
3.98E+01,3977
3.98E+01,3978
3.98E+01,3979
3.98E+01,3980
3.98E+01,3981
3.98E+01,3982
3.98E+01,3983
3.98E+01,3984
3.98E+01,3985
3.98E+01,3986
3.99E+01,3987
3.99E+01,3988
3.99E+01,3989
3.99E+01,3990
3.99E+01,3991
3.99E+01,3992
3.99E+01,3993
3.99E+01,3994
3.99E+01,3995
3.99E+01,3996
4.00E+01,3997
4.00E+01,3998
4.00E+01,3999
4.00E+01,4000
4.00E+01,4001
4.00E+01,4002
4.00E+01,4003
4.00E+01,4004
4.00E+01,4005
4.00E+01,4006
4.01E+01,4007
4.01E+01,4008
4.01E+01,4009
4.01E+01,4010
4.01E+01,4011
4.01E+01,4012
4.01E+01,4013
4.01E+01,4014
4.01E+01,4015
4.01E+01,4016
4.02E+01,4017
4.02E+01,4018
4.02E+01,4019
4.02E+01,4020
4.02E+01,4021
4.02E+01,4022
4.02E+01,4023
4.02E+01,4024
4.02E+01,4025
4.02E+01,4026
4.03E+01,4027
4.03E+01,4028
4.03E+01,4029
4.03E+01,4030
4.03E+01,4031
4.03E+01,4032
4.03E+01,4033
4.03E+01,4034
4.03E+01,4035
4.03E+01,4036
4.04E+01,4037
4.04E+01,4038
4.04E+01,4039
4.04E+01,4040
4.04E+01,4041
4.04E+01,4042
4.04E+01,4043
4.04E+01,4044
4.04E+01,4045
4.04E+01,4046
4.05E+01,4047
4.05E+01,4048
4.05E+01,4049
4.05E+01,4050
4.05E+01,4051
4.05E+01,4052
4.05E+01,4053
4.05E+01,4054
4.05E+01,4055
4.05E+01,4056
4.06E+01,4057
4.06E+01,4058
4.06E+01,4059
4.06E+01,4060
4.06E+01,4061
4.06E+01,4062
4.06E+01,4063
4.06E+01,4064
4.06E+01,4065
4.06E+01,4066
4.07E+01,4067
4.07E+01,4068
4.07E+01,4069
4.07E+01,4070
4.07E+01,4071
4.07E+01,4072
4.07E+01,4073
4.07E+01,4074
4.07E+01,4075
4.07E+01,4076
4.08E+01,4077
4.08E+01,4078
4.08E+01,4079
4.08E+01,4080
4.08E+01,4081
4.08E+01,4082
4.08E+01,4083
4.08E+01,4084
4.08E+01,4085
4.08E+01,4086
4.09E+01,4087
4.09E+01,4088
4.09E+01,4089
4.09E+01,4090
4.09E+01,4091
4.09E+01,4092
4.09E+01,4093
4.09E+01,4094
4.09E+01,4095
4.09E+01,4096
4.10E+01,4097
4.10E+01,4098
4.10E+01,4099
4.10E+01,4100
4.10E+01,4101
4.10E+01,4102
4.10E+01,4103
4.10E+01,4104
4.10E+01,4105
4.10E+01,4106
4.11E+01,4107
4.11E+01,4108
4.11E+01,4109
4.11E+01,4110
4.11E+01,4111
4.11E+01,4112
4.11E+01,4113
4.11E+01,4114
4.11E+01,4115
4.11E+01,4116
4.12E+01,4117
4.12E+01,4118
4.12E+01,4119
4.12E+01,4120
4.12E+01,4121
4.12E+01,4122
4.12E+01,4123
4.12E+01,4124
4.12E+01,4125
4.12E+01,4126
4.13E+01,4127
4.13E+01,4128
4.13E+01,4129
4.13E+01,4130
4.13E+01,4131
4.13E+01,4132
4.13E+01,4133
4.13E+01,4134
4.13E+01,4135
4.13E+01,4136
4.14E+01,4137
4.14E+01,4138
4.14E+01,4139
4.14E+01,4140
4.14E+01,4141
4.14E+01,4142
4.14E+01,4143
4.14E+01,4144
4.14E+01,4145
4.14E+01,4146
4.15E+01,4147
4.15E+01,4148
4.15E+01,4149
4.15E+01,4150
4.15E+01,4151
4.15E+01,4152
4.15E+01,4153
4.15E+01,4154
4.15E+01,4155
4.15E+01,4156
4.16E+01,4157
4.16E+01,4158
4.16E+01,4159
4.16E+01,4160
4.16E+01,4161
4.16E+01,4162
4.16E+01,4163
4.16E+01,4164
4.16E+01,4165
4.16E+01,4166
4.17E+01,4167
4.17E+01,4168
4.17E+01,4169
4.17E+01,4170
4.17E+01,4171
4.17E+01,4172
4.17E+01,4173
4.17E+01,4174
4.17E+01,4175
4.17E+01,4176
4.18E+01,4177
4.18E+01,4178
4.18E+01,4179
4.18E+01,4180
4.18E+01,4181
4.18E+01,4182
4.18E+01,4183
4.18E+01,4184
4.18E+01,4185
4.18E+01,4186
4.19E+01,4187
4.19E+01,4188
4.19E+01,4189
4.19E+01,4190
4.19E+01,4191
4.19E+01,4192
4.19E+01,4193
4.19E+01,4194
4.19E+01,4195
4.19E+01,4196
4.20E+01,4197
4.20E+01,4198
4.20E+01,4199
4.20E+01,4200
4.20E+01,4201
4.20E+01,4202
4.20E+01,4203
4.20E+01,4204
4.20E+01,4205
4.20E+01,4206
4.21E+01,4207
4.21E+01,4208
4.21E+01,4209
4.21E+01,4210
4.21E+01,4211
4.21E+01,4212
4.21E+01,4213
4.21E+01,4214
4.21E+01,4215
4.21E+01,4216
4.22E+01,4217
4.22E+01,4218
4.22E+01,4219
4.22E+01,4220
4.22E+01,4221
4.22E+01,4222
4.22E+01,4223
4.22E+01,4224
4.22E+01,4225
4.22E+01,4226
4.23E+01,4227
4.23E+01,4228
4.23E+01,4229
4.23E+01,4230
4.23E+01,4231
4.23E+01,4232
4.23E+01,4233
4.23E+01,4234
4.23E+01,4235
4.23E+01,4236
4.24E+01,4237
4.24E+01,4238
4.24E+01,4239
4.24E+01,4240
4.24E+01,4241
4.24E+01,4242
4.24E+01,4243
4.24E+01,4244
4.24E+01,4245
4.24E+01,4246
4.25E+01,4247
4.25E+01,4248
4.25E+01,4249
4.25E+01,4250
4.25E+01,4251
4.25E+01,4252
4.25E+01,4253
4.25E+01,4254
4.25E+01,4255
4.25E+01,4256
4.26E+01,4257
4.26E+01,4258
4.26E+01,4259
4.26E+01,4260
4.26E+01,4261
4.26E+01,4262
4.26E+01,4263
4.26E+01,4264
4.26E+01,4265
4.26E+01,4266
4.27E+01,4267
4.27E+01,4268
4.27E+01,4269
4.27E+01,4270
4.27E+01,4271
4.27E+01,4272
4.27E+01,4273
4.27E+01,4274
4.27E+01,4275
4.27E+01,4276
4.28E+01,4277
4.28E+01,4278
4.28E+01,4279
4.28E+01,4280
4.28E+01,4281
4.28E+01,4282
4.28E+01,4283
4.28E+01,4284
4.28E+01,4285
4.28E+01,4286
4.29E+01,4287
4.29E+01,4288
4.29E+01,4289
4.29E+01,4290
4.29E+01,4291
4.29E+01,4292
4.29E+01,4293
4.29E+01,4294
4.29E+01,4295
4.29E+01,4296
4.30E+01,4297
4.30E+01,4298
4.30E+01,4299
4.30E+01,4300
4.30E+01,4301
4.30E+01,4302
4.30E+01,4303
4.30E+01,4304
4.30E+01,4305
4.30E+01,4306
4.31E+01,4307
4.31E+01,4308
4.31E+01,4309
4.31E+01,4310
4.31E+01,4311
4.31E+01,4312
4.31E+01,4313
4.31E+01,4314
4.31E+01,4315
4.31E+01,4316
4.32E+01,4317
4.32E+01,4318
4.32E+01,4319
4.32E+01,4320
4.32E+01,4321
4.32E+01,4322
4.32E+01,4323
4.32E+01,4324
4.32E+01,4325
4.32E+01,4326
4.33E+01,4327
4.33E+01,4328
4.33E+01,4329
4.33E+01,4330
4.33E+01,4331
4.33E+01,4332
4.33E+01,4333
4.33E+01,4334
4.33E+01,4335
4.33E+01,4336
4.34E+01,4337
4.34E+01,4338
4.34E+01,4339
4.34E+01,4340
4.34E+01,4341
4.34E+01,4342
4.34E+01,4343
4.34E+01,4344
4.34E+01,4345
4.34E+01,4346
4.35E+01,4347
4.35E+01,4348
4.35E+01,4349
4.35E+01,4350
4.35E+01,4351
4.35E+01,4352
4.35E+01,4353
4.35E+01,4354
4.35E+01,4355
4.35E+01,4356
4.36E+01,4357
4.36E+01,4358
4.36E+01,4359
4.36E+01,4360
4.36E+01,4361
4.36E+01,4362
4.36E+01,4363
4.36E+01,4364
4.36E+01,4365
4.36E+01,4366
4.37E+01,4367
4.37E+01,4368
4.37E+01,4369
4.37E+01,4370
4.37E+01,4371
4.37E+01,4372
4.37E+01,4373
4.37E+01,4374
4.37E+01,4375
4.37E+01,4376
4.38E+01,4377
4.38E+01,4378
4.38E+01,4379
4.38E+01,4380
4.38E+01,4381
4.38E+01,4382
4.38E+01,4383
4.38E+01,4384
4.38E+01,4385
4.38E+01,4386
4.39E+01,4387
4.39E+01,4388
4.39E+01,4389
4.39E+01,4390
4.39E+01,4391
4.39E+01,4392
4.39E+01,4393
4.39E+01,4394
4.39E+01,4395
4.39E+01,4396
4.40E+01,4397
4.40E+01,4398
4.40E+01,4399
4.40E+01,4400
4.40E+01,4401
4.40E+01,4402
4.40E+01,4403
4.40E+01,4404
4.40E+01,4405
4.40E+01,4406
4.41E+01,4407
4.41E+01,4408
4.41E+01,4409
4.41E+01,4410
4.41E+01,4411
4.41E+01,4412
4.41E+01,4413
4.41E+01,4414
4.41E+01,4415
4.41E+01,4416
4.42E+01,4417
4.42E+01,4418
4.42E+01,4419
4.42E+01,4420
4.42E+01,4421
4.42E+01,4422
4.42E+01,4423
4.42E+01,4424
4.42E+01,4425
4.42E+01,4426
4.43E+01,4427
4.43E+01,4428
4.43E+01,4429
4.43E+01,4430
4.43E+01,4431
4.43E+01,4432
4.43E+01,4433
4.43E+01,4434
4.43E+01,4435
4.43E+01,4436
4.44E+01,4437
4.44E+01,4438
4.44E+01,4439
4.44E+01,4440
4.44E+01,4441
4.44E+01,4442
4.44E+01,4443
4.44E+01,4444
4.44E+01,4445
4.44E+01,4446
4.45E+01,4447
4.45E+01,4448
4.45E+01,4449
4.45E+01,4450
4.45E+01,4451
4.45E+01,4452
4.45E+01,4453
4.45E+01,4454
4.45E+01,4455
4.45E+01,4456
4.46E+01,4457
4.46E+01,4458
4.46E+01,4459
4.46E+01,4460
4.46E+01,4461
4.46E+01,4462
4.46E+01,4463
4.46E+01,4464
4.46E+01,4465
4.46E+01,4466
4.47E+01,4467
4.47E+01,4468
4.47E+01,4469
4.47E+01,4470
4.47E+01,4471
4.47E+01,4472
4.47E+01,4473
4.47E+01,4474
4.47E+01,4475
4.47E+01,4476
4.48E+01,4477
4.48E+01,4478
4.48E+01,4479
4.48E+01,4480
4.48E+01,4481
4.48E+01,4482
4.48E+01,4483
4.48E+01,4484
4.48E+01,4485
4.48E+01,4486
4.49E+01,4487
4.49E+01,4488
4.49E+01,4489
4.49E+01,4490
4.49E+01,4491
4.49E+01,4492
4.49E+01,4493
4.49E+01,4494
4.49E+01,4495
4.49E+01,4496
4.50E+01,4497
4.50E+01,4498
4.50E+01,4499
4.50E+01,4500
4.50E+01,4501
4.50E+01,4502
4.50E+01,4503
4.50E+01,4504
4.50E+01,4505
4.50E+01,4506
4.51E+01,4507
4.51E+01,4508
4.51E+01,4509
4.51E+01,4510
4.51E+01,4511
4.51E+01,4512
4.51E+01,4513
4.51E+01,4514
4.51E+01,4515
4.51E+01,4516
4.52E+01,4517
4.52E+01,4518
4.52E+01,4519
4.52E+01,4520
4.52E+01,4521
4.52E+01,4522
4.52E+01,4523
4.52E+01,4524
4.52E+01,4525
4.52E+01,4526
4.53E+01,4527
4.53E+01,4528
4.53E+01,4529
4.53E+01,4530
4.53E+01,4531
4.53E+01,4532
4.53E+01,4533
4.53E+01,4534
4.53E+01,4535
4.53E+01,4536
4.54E+01,4537
4.54E+01,4538
4.54E+01,4539
4.54E+01,4540
4.54E+01,4541
4.54E+01,4542
4.54E+01,4543
4.54E+01,4544
4.54E+01,4545
4.54E+01,4546
4.55E+01,4547
4.55E+01,4548
4.55E+01,4549
4.55E+01,4550
4.55E+01,4551
4.55E+01,4552
4.55E+01,4553
4.55E+01,4554
4.55E+01,4555
4.55E+01,4556
4.56E+01,4557
4.56E+01,4558
4.56E+01,4559
4.56E+01,4560
4.56E+01,4561
4.56E+01,4562
4.56E+01,4563
4.56E+01,4564
4.56E+01,4565
4.56E+01,4566
4.57E+01,4567
4.57E+01,4568
4.57E+01,4569
4.57E+01,4570
4.57E+01,4571
4.57E+01,4572
4.57E+01,4573
4.57E+01,4574
4.57E+01,4575
4.57E+01,4576
4.58E+01,4577
4.58E+01,4578
4.58E+01,4579
4.58E+01,4580
4.58E+01,4581
4.58E+01,4582
4.58E+01,4583
4.58E+01,4584
4.58E+01,4585
4.58E+01,4586
4.59E+01,4587
4.59E+01,4588
4.59E+01,4589
4.59E+01,4590
4.59E+01,4591
4.59E+01,4592
4.59E+01,4593
4.59E+01,4594
4.59E+01,4595
4.59E+01,4596
4.60E+01,4597
4.60E+01,4598
4.60E+01,4599
4.60E+01,4600
4.60E+01,4601
4.60E+01,4602
4.60E+01,4603
4.60E+01,4604
4.60E+01,4605
4.60E+01,4606
4.61E+01,4607
4.61E+01,4608
4.61E+01,4609
4.61E+01,4610
4.61E+01,4611
4.61E+01,4612
4.61E+01,4613
4.61E+01,4614
4.61E+01,4615
4.61E+01,4616
4.62E+01,4617
4.62E+01,4618
4.62E+01,4619
4.62E+01,4620
4.62E+01,4621
4.62E+01,4622
4.62E+01,4623
4.62E+01,4624
4.62E+01,4625
4.62E+01,4626
4.63E+01,4627
4.63E+01,4628
4.63E+01,4629
4.63E+01,4630
4.63E+01,4631
4.63E+01,4632
4.63E+01,4633
4.63E+01,4634
4.63E+01,4635
4.63E+01,4636
4.64E+01,4637
4.64E+01,4638
4.64E+01,4639
4.64E+01,4640
4.64E+01,4641
4.64E+01,4642
4.64E+01,4643
4.64E+01,4644
4.64E+01,4645
4.64E+01,4646
4.65E+01,4647
4.65E+01,4648
4.65E+01,4649
4.65E+01,4650
4.65E+01,4651
4.65E+01,4652
4.65E+01,4653
4.65E+01,4654
4.65E+01,4655
4.65E+01,4656
4.66E+01,4657
4.66E+01,4658
4.66E+01,4659
4.66E+01,4660
4.66E+01,4661
4.66E+01,4662
4.66E+01,4663
4.66E+01,4664
4.66E+01,4665
4.66E+01,4666
4.67E+01,4667
4.67E+01,4668
4.67E+01,4669
4.67E+01,4670
4.67E+01,4671
4.67E+01,4672
4.67E+01,4673
4.67E+01,4674
4.67E+01,4675
4.67E+01,4676
4.68E+01,4677
4.68E+01,4678
4.68E+01,4679
4.68E+01,4680
4.68E+01,4681
